FileName,Author
"Anton10e.pdf"
"Assignment Specification.pdf"
"box2d.pdf"
"box2dlights.zip"
"Credits.rtf"
"Elementary Linear Algebra with Applications-VirtualBSCS.blogspot.pdf","Elementary Linear Algebra with Applications"
"Solution ManualVirtualBSCS.blogspot.pdf"
"Elementary Linear Algebra.rar"
"OnlineCourseGuidelines.docx"
"allclasses-frame.html","allclasses"
"allclasses-noframe.html","allclasses"
"constant-values.html","constant"
"deprecated-list.html","deprecated"
"help-doc.html","help"
"index-all.html","index"
"index.html"
"EncryptedDocumentException.html"
"OldFileFormatException.html"
"POIDocument.html"
"POIOLE2TextExtractor.html"
"POITextExtractor.html"
"POIXMLDocument.html"
"POIXMLDocumentPart.html"
"POIXMLException.html"
"POIXMLFactory.html"
"POIXMLProperties.CoreProperties.html"
"POIXMLProperties.CustomProperties.html"
"POIXMLProperties.ExtendedProperties.html"
"POIXMLProperties.html"
"POIXMLPropertiesTextExtractor.html"
"POIXMLRelation.html"
"POIXMLTextExtractor.html"
"Fill.html"
"Hyperlink.html"
"LineStyle.html"
"Fill.html"
"Hyperlink.html"
"LineStyle.html"
"package-frame.html","package"
"package-summary.html","package"
"package-tree.html","package"
"package-use.html","package"
"AbstractEscherOptRecord.html"
"AbstractEscherOptRecord.html"
"DefaultEscherRecordFactory.html"
"EscherArrayProperty.html"
"EscherBitmapBlip.html"
"EscherBlipRecord.html"
"EscherBlipWMFRecord.html"
"EscherBoolProperty.html"
"EscherBSERecord.html"
"EscherChildAnchorRecord.html"
"EscherClientAnchorRecord.html"
"EscherClientDataRecord.html"
"EscherComplexProperty.html"
"EscherContainerRecord.html"
"EscherDggRecord.FileIdCluster.html"
"EscherDggRecord.html"
"EscherDgRecord.html"
"EscherDump.html"
"EscherMetafileBlip.html"
"EscherOptRecord.html"
"EscherPictBlip.html"
"EscherProperties.html"
"EscherProperty.html"
"EscherPropertyFactory.html"
"EscherPropertyMetaData.html"
"EscherRecord.html"
"EscherRecordFactory.html"
"EscherRGBProperty.html"
"EscherSerializationListener.html"
"EscherShapePathProperty.html"
"EscherSimpleProperty.html"
"EscherSpgrRecord.html"
"EscherSplitMenuColorsRecord.html"
"EscherSpRecord.html"
"EscherTertiaryOptRecord.html"
"EscherTextboxRecord.html"
"NullEscherSerializationListener.html"
"UnknownEscherRecord.html"
"DefaultEscherRecordFactory.html"
"EscherArrayProperty.html"
"EscherBitmapBlip.html"
"EscherBlipRecord.html"
"EscherBlipWMFRecord.html"
"EscherBoolProperty.html"
"EscherBSERecord.html"
"EscherChildAnchorRecord.html"
"EscherClientAnchorRecord.html"
"EscherClientDataRecord.html"
"EscherComplexProperty.html"
"EscherContainerRecord.html"
"EscherDggRecord.FileIdCluster.html"
"EscherDggRecord.html"
"EscherDgRecord.html"
"EscherDump.html"
"EscherMetafileBlip.html"
"EscherOptRecord.html"
"EscherPictBlip.html"
"EscherProperties.html"
"EscherProperty.html"
"EscherPropertyFactory.html"
"EscherPropertyMetaData.html"
"EscherRecord.html"
"EscherRecordFactory.html"
"EscherRGBProperty.html"
"EscherSerializationListener.html"
"EscherShapePathProperty.html"
"EscherSimpleProperty.html"
"EscherSpgrRecord.html"
"EscherSplitMenuColorsRecord.html"
"EscherSpRecord.html"
"EscherTertiaryOptRecord.html"
"EscherTextboxRecord.html"
"NullEscherSerializationListener.html"
"package-frame.html","package"
"package-summary.html","package"
"package-tree.html","package"
"package-use.html","package"
"UnknownEscherRecord.html"
"OOXMLLister.html"
"RecordGenerator.html"
"OOXMLLister.html"
"package-frame.html","package"
"package-summary.html","package"
"package-tree.html","package"
"package-use.html","package"
"RecordGenerator.html"
"EncryptedDocumentException.html"
"CommandLineTextExtractor.html"
"ExtractorFactory.html"
"CommandLineTextExtractor.html"
"ExtractorFactory.html"
"package-frame.html","package"
"package-summary.html","package"
"package-tree.html","package"
"package-use.html","package"
"Chunk.BlockOffsetCommand.html"
"Chunk.Command.html"
"Chunk.html"
"ChunkFactory.CommandDefinition.html"
"ChunkFactory.html"
"ChunkHeader.html"
"ChunkHeaderV11.html"
"ChunkHeaderV4V5.html"
"ChunkHeaderV6.html"
"ChunkSeparator.html"
"ChunkTrailer.html"
"Chunk.BlockOffsetCommand.html"
"Chunk.Command.html"
"Chunk.html"
"ChunkFactory.CommandDefinition.html"
"ChunkFactory.html"
"ChunkHeader.html"
"ChunkHeaderV11.html"
"ChunkHeaderV4V5.html"
"ChunkHeaderV6.html"
"ChunkSeparator.html"
"ChunkTrailer.html"
"package-frame.html","package"
"package-summary.html","package"
"package-tree.html","package"
"package-use.html","package"
"HDGFDiagram.html"
"HDGFLZW.html"
"VSDDumper.html"
"package-frame.html","package"
"package-summary.html","package"
"package-tree.html","package"
"package-use.html","package"
"VSDDumper.html"
"HDGFException.html"
"HDGFException.html"
"package-frame.html","package"
"package-summary.html","package"
"package-tree.html","package"
"package-use.html","package"
"VisioTextExtractor.html"
"package-frame.html","package"
"package-summary.html","package"
"package-tree.html","package"
"package-use.html","package"
"VisioTextExtractor.html"
"HDGFDiagram.html"
"HDGFLZW.html"
"package-frame.html","package"
"package-summary.html","package"
"package-tree.html","package"
"package-use.html","package"
"Pointer.html"
"PointerFactory.html"
"PointerV6.html"
"package-frame.html","package"
"package-summary.html","package"
"package-tree.html","package"
"package-use.html","package"
"Pointer.html"
"PointerFactory.html"
"PointerV6.html"
"ChunkStream.html"
"ChunkStream.html"
"CompressedStreamStore.html"
"PointerContainingStream.html"
"Stream.html"
"StreamStore.html"
"StringsStream.html"
"TrailerStream.html"
"UnknownStream.html"
"CompressedStreamStore.html"
"package-frame.html","package"
"package-summary.html","package"
"package-tree.html","package"
"package-use.html","package"
"PointerContainingStream.html"
"Stream.html"
"StreamStore.html"
"StringsStream.html"
"TrailerStream.html"
"UnknownStream.html"
"Attachment.html"
"MAPIAttribute.html"
"MAPIDateAttribute.html"
"MAPIRtfAttribute.html"
"MAPIStringAttribute.html"
"TNEFAttribute.html"
"TNEFDateAttribute.html"
"TNEFMAPIAttribute.html"
"TNEFProperty.html"
"TNEFStringAttribute.html"
"MAPIAttribute.html"
"MAPIDateAttribute.html"
"MAPIRtfAttribute.html"
"MAPIStringAttribute.html"
"package-frame.html","package"
"package-summary.html","package"
"package-tree.html","package"
"package-use.html","package"
"TNEFAttribute.html"
"TNEFDateAttribute.html"
"TNEFMAPIAttribute.html"
"TNEFProperty.html"
"TNEFStringAttribute.html"
"Attachment.html"
"CompressedRTF.html"
"HMEFMessage.html"
"CompressedRTF.html"
"HMEFDumper.html"
"HMEFDumper.html"
"package-frame.html","package"
"package-summary.html","package"
"package-tree.html","package"
"package-use.html","package"
"HMEFContentsExtractor.html"
"HMEFContentsExtractor.html"
"package-frame.html","package"
"package-summary.html","package"
"package-tree.html","package"
"package-use.html","package"
"HMEFMessage.html"
"package-frame.html","package"
"package-summary.html","package"
"package-tree.html","package"
"package-use.html","package"
"HPBFDocument.html"
"HPBFDumper.html"
"PLCDumper.html"
"HPBFDumper.html"
"package-frame.html","package"
"package-summary.html","package"
"package-tree.html","package"
"package-use.html","package"
"PLCDumper.html"
"PublisherTextExtractor.html"
"package-frame.html","package"
"package-summary.html","package"
"package-tree.html","package"
"package-use.html","package"
"PublisherTextExtractor.html"
"HPBFDocument.html"
"EscherDelayStm.html"
"EscherPart.html"
"EscherStm.html"
"HPBFPart.html"
"MainContents.html"
"QuillContents.html"
"EscherDelayStm.html"
"EscherPart.html"
"EscherStm.html"
"HPBFPart.html"
"MainContents.html"
"package-frame.html","package"
"package-summary.html","package"
"package-tree.html","package"
"package-use.html","package"
"QCBit.html"
"QCPLCBit.html"
"QCPLCBit.Type0.html"
"QCPLCBit.Type12.html"
"QCPLCBit.Type4.html"
"QCPLCBit.Type8.html"
"QCTextBit.html"
"UnknownQCBit.html"
"package-frame.html","package"
"package-summary.html","package"
"package-tree.html","package"
"package-use.html","package"
"QCBit.html"
"QCPLCBit.html"
"QCPLCBit.Type0.html"
"QCPLCBit.Type12.html"
"QCPLCBit.Type4.html"
"QCPLCBit.Type8.html"
"QCTextBit.html"
"UnknownQCBit.html"
"QuillContents.html"
"package-frame.html","package"
"package-summary.html","package"
"package-tree.html","package"
"package-use.html","package"
"ClassID.html"
"Constants.html"
"CustomProperties.html"
"CustomProperty.html"
"DocumentSummaryInformation.html"
"HPSFException.html"
"HPSFRuntimeException.html"
"IllegalPropertySetDataException.html"
"IllegalVariantTypeException.html"
"MarkUnsupportedException.html"
"MissingSectionException.html"
"MutableProperty.html"
"MutablePropertySet.html"
"MutableSection.html"
"NoFormatIDException.html"
"NoPropertySetStreamException.html"
"NoSingleSectionException.html"
"Property.html"
"PropertySet.html"
"PropertySetFactory.html"
"ReadingNotSupportedException.html"
"Section.html"
"SpecialPropertySet.html"
"SummaryInformation.html"
"Thumbnail.html"
"TypeWriter.html"
"UnexpectedPropertySetTypeException.html"
"UnsupportedVariantTypeException.html"
"Util.html"
"Variant.html"
"VariantSupport.html"
"VariantTypeException.html"
"WritingNotSupportedException.html"
"ClassID.html"
"Constants.html"
"CustomProperties.html"
"CustomProperty.html"
"DocumentSummaryInformation.html"
"HPSFPropertiesExtractor.html"
"HPSFPropertiesExtractor.html"
"package-frame.html","package"
"package-summary.html","package"
"package-tree.html","package"
"package-use.html","package"
"HPSFException.html"
"HPSFRuntimeException.html"
"IllegalPropertySetDataException.html"
"IllegalVariantTypeException.html"
"MarkUnsupportedException.html"
"MissingSectionException.html"
"MutableProperty.html"
"MutablePropertySet.html"
"MutableSection.html"
"NoFormatIDException.html"
"NoPropertySetStreamException.html"
"NoSingleSectionException.html"
"package-frame.html","package"
"package-summary.html","package"
"package-tree.html","package"
"package-use.html","package"
"Property.html"
"PropertySet.html"
"PropertySetFactory.html"
"ReadingNotSupportedException.html"
"Section.html"
"SpecialPropertySet.html"
"SummaryInformation.html"
"Thumbnail.html"
"TypeWriter.html"
"UnexpectedPropertySetTypeException.html"
"UnsupportedVariantTypeException.html"
"Util.html"
"Variant.html"
"VariantSupport.html"
"VariantTypeException.html"
"PropertyIDMap.html"
"SectionIDMap.html"
"package-frame.html","package"
"package-summary.html","package"
"package-tree.html","package"
"package-use.html","package"
"PropertyIDMap.html"
"SectionIDMap.html"
"WritingNotSupportedException.html"
"Bitmap.html"
"BitmapPainter.html"
"Bitmap.html"
"BitmapPainter.html"
"DIB.html"
"EMF.html"
"ImagePainter.html"
"JPEG.html"
"Metafile.Header.html"
"Metafile.html"
"PICT.html"
"PNG.html"
"WMF.AldusHeader.html"
"WMF.html"
"DIB.html"
"EMF.html"
"ImagePainter.html"
"JPEG.html"
"Metafile.Header.html"
"Metafile.html"
"package-frame.html","package"
"package-summary.html","package"
"package-tree.html","package"
"package-use.html","package"
"PICT.html"
"PNG.html"
"WMF.AldusHeader.html"
"WMF.html"
"EncryptedSlideShow.html"
"HSLFSlideShow.html"
"PPDrawingTextListing.html"
"PPTXMLDump.html"
"SlideAndNotesAtomListing.html"
"SlideIdListing.html"
"SlideShowDumper.html"
"SlideShowRecordDumper.html"
"SLWTListing.html"
"SLWTTextListing.html"
"TextStyleListing.html"
"UserEditAndPersistListing.html"
"package-frame.html","package"
"package-summary.html","package"
"package-tree.html","package"
"package-use.html","package"
"PPDrawingTextListing.html"
"PPTXMLDump.html"
"SlideAndNotesAtomListing.html"
"SlideIdListing.html"
"SlideShowDumper.html"
"SlideShowRecordDumper.html"
"SLWTListing.html"
"SLWTTextListing.html"
"TextStyleListing.html"
"UserEditAndPersistListing.html"
"EncryptedSlideShow.html"
"CorruptPowerPointFileException.html"
"EncryptedPowerPointFileException.html"
"HSLFException.html"
"InvalidRecordFormatException.html"
"OldPowerPointFormatException.html"
"CorruptPowerPointFileException.html"
"EncryptedPowerPointFileException.html"
"HSLFException.html"
"InvalidRecordFormatException.html"
"OldPowerPointFormatException.html"
"package-frame.html","package"
"package-summary.html","package"
"package-tree.html","package"
"package-use.html","package"
"ImageExtractor.html"
"PowerPointExtractor.html"
"QuickButCruddyTextExtractor.html"
"ImageExtractor.html"
"package-frame.html","package"
"package-summary.html","package"
"package-tree.html","package"
"package-use.html","package"
"PowerPointExtractor.html"
"QuickButCruddyTextExtractor.html"
"HSLFSlideShow.html"
"ActiveXShape.html"
"AutoShape.html"
"AutoShapes.html"
"Background.html"
"ActiveXShape.html"
"AutoShape.html"
"AutoShapes.html"
"Background.html"
"Comment.html"
"Fill.html"
"Freeform.html"
"HeadersFooters.html"
"Hyperlink.html"
"Line.html"
"MasterSheet.html"
"MovieShape.html"
"Notes.html"
"OLEShape.html"
"Picture.html"
"Placeholder.html"
"Polygon.html"
"PPFont.html"
"PPGraphics2D.html"
"Shape.html"
"ShapeFactory.html"
"ShapeGroup.html"
"ShapeOutline.html"
"ShapePainter.html"
"ShapeTypes.html"
"Sheet.html"
"SimpleShape.html"
"Slide.html"
"SlideMaster.html"
"Table.html"
"TableCell.html"
"TextBox.html"
"TextPainter.html"
"TextPainter.TextElement.html"
"TextRun.html"
"TextShape.html"
"TitleMaster.html"
"Comment.html"
"Fill.html"
"Freeform.html"
"HeadersFooters.html"
"Hyperlink.html"
"Line.html"
"MasterSheet.html"
"MovieShape.html"
"Notes.html"
"OLEShape.html"
"package-frame.html","package"
"package-summary.html","package"
"package-tree.html","package"
"package-use.html","package"
"Picture.html"
"Placeholder.html"
"Polygon.html"
"PPFont.html"
"PPGraphics2D.html"
"Shape.html"
"ShapeFactory.html"
"ShapeGroup.html"
"ShapeOutline.html"
"ShapePainter.html"
"ShapeTypes.html"
"Sheet.html"
"SimpleShape.html"
"Slide.html"
"SlideMaster.html"
"Table.html"
"TableCell.html"
"TextBox.html"
"TextPainter.html"
"TextPainter.TextElement.html"
"AlignmentTextProp.html"
"BitMaskTextProp.html"
"CharFlagsTextProp.html"
"AlignmentTextProp.html"
"BitMaskTextProp.html"
"CharFlagsTextProp.html"
"ParagraphFlagsTextProp.html"
"TextPFException9.html"
"TextProp.html"
"TextPropCollection.html"
"package-frame.html","package"
"package-summary.html","package"
"package-tree.html","package"
"package-use.html","package"
"ParagraphFlagsTextProp.html"
"TextPFException9.html"
"TextProp.html"
"TextPropCollection.html"
"TextRun.html"
"TextShape.html"
"TitleMaster.html"
"package-frame.html","package"
"package-summary.html","package"
"package-tree.html","package"
"package-use.html","package"
"AnimationInfo.html"
"AnimationInfoAtom.html"
"BinaryTagDataBlob.html"
"AnimationInfo.html"
"AnimationInfoAtom.html"
"BinaryTagDataBlob.html"
"ColorSchemeAtom.html"
"Comment2000.html"
"Comment2000Atom.html"
"CString.html"
"CurrentUserAtom.html"
"Document.html"
"DocumentAtom.html"
"DocumentAtom.SlideSize.html"
"DocumentEncryptionAtom.html"
"DummyPositionSensitiveRecordWithChildren.html"
"DummyRecordWithChildren.html"
"Environment.html"
"EscherTextboxWrapper.html"
"ExAviMovie.html"
"ExControl.html"
"ExControlAtom.html"
"ExEmbed.html"
"ExEmbedAtom.html"
"ExHyperlink.html"
"ExHyperlinkAtom.html"
"ExMCIMovie.html"
"ExMediaAtom.html"
"ExObjList.html"
"ExObjListAtom.html"
"ExOleObjAtom.html"
"ExOleObjStg.html"
"ExVideoContainer.html"
"FontCollection.html"
"FontEntityAtom.html"
"HeadersFootersAtom.html"
"HeadersFootersContainer.html"
"InteractiveInfo.html"
"InteractiveInfoAtom.html"
"MainMaster.html"
"Notes.html"
"NotesAtom.html"
"OEPlaceholderAtom.html"
"OEShapeAtom.html"
"OutlineTextRefAtom.html"
"ParentAwareRecord.html"
"PersistPtrHolder.html"
"PersistRecord.html"
"PositionDependentRecord.html"
"PositionDependentRecordAtom.html"
"PositionDependentRecordContainer.html"
"PPDrawing.html"
"PPDrawingGroup.html"
"Record.html"
"RecordAtom.html"
"RecordContainer.html"
"RecordTypes.html"
"RecordTypes.Type.html"
"RoundTripHFPlaceholder12.html"
"SheetContainer.html"
"Slide.html"
"SlideAtom.html"
"SlideAtom.SSlideLayoutAtom.html"
"SlideListWithText.html"
"SlideListWithText.SlideAtomsSet.html"
"SlidePersistAtom.html"
"Sound.html"
"SoundCollection.html"
"SoundData.html"
"StyleTextProp9Atom.html"
"StyleTextPropAtom.html"
"TextAutoNumberSchemeEnum.html"
"TextBytesAtom.html"
"TextCharsAtom.html"
"TextHeaderAtom.html"
"TextRulerAtom.html"
"TextSpecInfoAtom.html"
"TextSpecInfoAtom.TextSpecInfoRun.html"
"TxInteractiveInfoAtom.html"
"TxMasterStyleAtom.html"
"UnknownRecordPlaceholder.html"
"UserEditAtom.html"
"ColorSchemeAtom.html"
"Comment2000.html"
"Comment2000Atom.html"
"CString.html"
"CurrentUserAtom.html"
"Document.html"
"DocumentAtom.html"
"DocumentAtom.SlideSize.html"
"DocumentEncryptionAtom.html"
"DummyPositionSensitiveRecordWithChildren.html"
"DummyRecordWithChildren.html"
"Environment.html"
"EscherTextboxWrapper.html"
"ExAviMovie.html"
"ExControl.html"
"ExControlAtom.html"
"ExEmbed.html"
"ExEmbedAtom.html"
"ExHyperlink.html"
"ExHyperlinkAtom.html"
"ExMCIMovie.html"
"ExMediaAtom.html"
"ExObjList.html"
"ExObjListAtom.html"
"ExOleObjAtom.html"
"ExOleObjStg.html"
"ExVideoContainer.html"
"FontCollection.html"
"FontEntityAtom.html"
"HeadersFootersAtom.html"
"HeadersFootersContainer.html"
"InteractiveInfo.html"
"InteractiveInfoAtom.html"
"MainMaster.html"
"Notes.html"
"NotesAtom.html"
"OEPlaceholderAtom.html"
"OEShapeAtom.html"
"OutlineTextRefAtom.html"
"package-frame.html","package"
"package-summary.html","package"
"package-tree.html","package"
"package-use.html","package"
"ParentAwareRecord.html"
"PersistPtrHolder.html"
"PersistRecord.html"
"PositionDependentRecord.html"
"PositionDependentRecordAtom.html"
"PositionDependentRecordContainer.html"
"PPDrawing.html"
"PPDrawingGroup.html"
"Record.html"
"RecordAtom.html"
"RecordContainer.html"
"RecordTypes.html"
"RecordTypes.Type.html"
"RoundTripHFPlaceholder12.html"
"SheetContainer.html"
"Slide.html"
"SlideAtom.html"
"SlideAtom.SSlideLayoutAtom.html"
"SlideListWithText.html"
"SlideListWithText.SlideAtomsSet.html"
"SlidePersistAtom.html"
"Sound.html"
"SoundCollection.html"
"SoundData.html"
"StyleTextProp9Atom.html"
"StyleTextPropAtom.html"
"TextAutoNumberSchemeEnum.html"
"TextBytesAtom.html"
"TextCharsAtom.html"
"TextHeaderAtom.html"
"TextRulerAtom.html"
"TextSpecInfoAtom.html"
"TextSpecInfoAtom.TextSpecInfoRun.html"
"TxInteractiveInfoAtom.html"
"TxMasterStyleAtom.html"
"UnknownRecordPlaceholder.html"
"UserEditAtom.html"
"ObjectData.html"
"PictureData.html"
"RichTextRun.html"
"SlideShow.html"
"SoundData.html"
"ObjectData.html"
"package-frame.html","package"
"package-summary.html","package"
"package-tree.html","package"
"package-use.html","package"
"PictureData.html"
"RichTextRun.html"
"SlideShow.html"
"SoundData.html"
"MutableByteArrayOutputStream.html"
"SystemTimeUtils.html"
"MutableByteArrayOutputStream.html"
"package-frame.html","package"
"package-summary.html","package"
"package-tree.html","package"
"package-use.html","package"
"SystemTimeUtils.html"
"MAPIMessage.html"
"AttachmentChunks.AttachmentChunksSorter.html"
"AttachmentChunks.html"
"ByteChunk.html"
"Chunk.html"
"ChunkGroup.html"
"Chunks.html"
"AttachmentChunks.AttachmentChunksSorter.html"
"AttachmentChunks.html"
"ByteChunk.html"
"Chunk.html"
"ChunkGroup.html"
"Chunks.html"
"DirectoryChunk.html"
"MAPIProperty.html"
"MessagePropertiesChunk.html"
"MessageSubmissionChunk.html"
"NameIdChunks.html"
"PropertiesChunk.html"
"PropertyValue.html"
"PropertyValue.LongLongPropertyValue.html"
"PropertyValue.TimePropertyValue.html"
"RecipientChunks.html"
"RecipientChunks.RecipientChunksSorter.html"
"StoragePropertiesChunk.html"
"StringChunk.html"
"Types.html"
"Types.MAPIType.html"
"DirectoryChunk.html"
"MAPIProperty.html"
"MessagePropertiesChunk.html"
"MessageSubmissionChunk.html"
"NameIdChunks.html"
"package-frame.html","package"
"package-summary.html","package"
"package-tree.html","package"
"package-use.html","package"
"PropertiesChunk.html"
"PropertyValue.html"
"PropertyValue.LongLongPropertyValue.html"
"PropertyValue.TimePropertyValue.html"
"RecipientChunks.html"
"RecipientChunks.RecipientChunksSorter.html"
"StoragePropertiesChunk.html"
"StringChunk.html"
"Types.html"
"Types.MAPIType.html"
"HSMFDump.html"
"TypesLister.html"
"HSMFDump.html"
"package-frame.html","package"
"package-summary.html","package"
"package-tree.html","package"
"package-use.html","package"
"TypesLister.html"
"ChunkNotFoundException.html"
"ChunkNotFoundException.html"
"DirectoryChunkNotFoundException.html"
"DirectoryChunkNotFoundException.html"
"package-frame.html","package"
"package-summary.html","package"
"package-tree.html","package"
"package-use.html","package"
"OutlookTextExtactor.html"
"OutlookTextExtactor.html"
"package-frame.html","package"
"package-summary.html","package"
"package-tree.html","package"
"package-use.html","package"
"MAPIMessage.html"
"package-frame.html","package"
"package-summary.html","package"
"package-tree.html","package"
"package-use.html","package"
"POIFSChunkParser.html"
"package-frame.html","package"
"package-summary.html","package"
"package-tree.html","package"
"package-use.html","package"
"POIFSChunkParser.html"
"OldExcelFormatException.html"
"AbstractExcelConverter.html"
"AbstractExcelUtils.html"
"AbstractExcelConverter.html"
"AbstractExcelUtils.html"
"ExcelToFoConverter.html"
"ExcelToFoUtils.html"
"ExcelToHtmlConverter.html"
"ExcelToHtmlUtils.html"
"ExcelToFoConverter.html"
"ExcelToFoUtils.html"
"ExcelToHtmlConverter.html"
"ExcelToHtmlUtils.html"
"package-frame.html","package"
"package-summary.html","package"
"package-tree.html","package"
"package-use.html","package"
"BiffDrawingToXml.html"
"BiffViewer.html"
"BiffDrawingToXml.html"
"BiffViewer.html"
"EFBiffViewer.html"
"FormulaViewer.html"
"RecordLister.html"
"ReSave.html"
"EFBiffViewer.html"
"FormulaViewer.html"
"package-frame.html","package"
"package-summary.html","package"
"package-tree.html","package"
"package-use.html","package"
"RecordLister.html"
"ReSave.html"
"ERFListener.html"
"EventRecordFactory.html"
"ERFListener.html"
"EventRecordFactory.html"
"package-frame.html","package"
"package-summary.html","package"
"package-tree.html","package"
"package-use.html","package"
"AbortableHSSFListener.html"
"AbortableHSSFListener.html"
"EventWorkbookBuilder.html"
"EventWorkbookBuilder.SheetRecordCollectingListener.html"
"FormatTrackingHSSFListener.html"
"HSSFEventFactory.html"
"HSSFListener.html"
"HSSFRequest.html"
"HSSFUserException.html"
"MissingRecordAwareHSSFListener.html"
"LastCellOfRowDummyRecord.html"
"MissingCellDummyRecord.html"
"MissingRowDummyRecord.html"
"LastCellOfRowDummyRecord.html"
"MissingCellDummyRecord.html"
"MissingRowDummyRecord.html"
"package-frame.html","package"
"package-summary.html","package"
"package-tree.html","package"
"package-use.html","package"
"EventWorkbookBuilder.html"
"EventWorkbookBuilder.SheetRecordCollectingListener.html"
"FormatTrackingHSSFListener.html"
"HSSFEventFactory.html"
"HSSFListener.html"
"HSSFRequest.html"
"HSSFUserException.html"
"MissingRecordAwareHSSFListener.html"
"package-frame.html","package"
"package-summary.html","package"
"package-tree.html","package"
"package-use.html","package"
"EventBasedExcelExtractor.html"
"ExcelExtractor.html"
"EventBasedExcelExtractor.html"
"ExcelExtractor.html"
"package-frame.html","package"
"package-summary.html","package"
"package-tree.html","package"
"package-use.html","package"
"AbstractShape.html"
"AbstractShape.html"
"ComboboxShape.html"
"CommentShape.html"
"ConvertAnchor.html"
"DrawingManager.html"
"DrawingManager2.html"
"HSSFFormulaParser.html"
"InternalSheet.html"
"InternalWorkbook.html"
"LineShape.html"
"PictureShape.html"
"PolygonShape.html"
"RecordStream.html"
"RowBlocksReader.html"
"SimpleFilledShape.html"
"TextboxShape.html"
"WorkbookRecordList.html"
"ComboboxShape.html"
"CommentShape.html"
"ConvertAnchor.html"
"DrawingManager.html"
"DrawingManager2.html"
"HSSFFormulaParser.html"
"InternalSheet.html"
"InternalWorkbook.html"
"LineShape.html"
"package-frame.html","package"
"package-summary.html","package"
"package-tree.html","package"
"package-use.html","package"
"PictureShape.html"
"PolygonShape.html"
"RecordStream.html"
"RowBlocksReader.html"
"SimpleFilledShape.html"
"TextboxShape.html"
"WorkbookRecordList.html"
"OldExcelFormatException.html"
"package-frame.html","package"
"package-summary.html","package"
"package-tree.html","package"
"package-use.html","package"
"AbstractEscherHolderRecord.html"
"CFRecordsAggregate.html"
"ChartSubstreamRecordAggregate.html"
"CFRecordsAggregate.html"
"ChartSubstreamRecordAggregate.html"
"ColumnInfoRecordsAggregate.html"
"ConditionalFormattingTable.html"
"CustomViewSettingsRecordAggregate.html"
"DataValidityTable.html"
"FormulaRecordAggregate.html"
"MergedCellsTable.html"
"PageSettingsBlock.html"
"RecordAggregate.html"
"RecordAggregate.PositionTrackingVisitor.html"
"RecordAggregate.RecordVisitor.html"
"RowRecordsAggregate.html"
"SharedValueManager.html"
"ValueRecordsAggregate.html"
"WorksheetProtectionBlock.html"
"ColumnInfoRecordsAggregate.html"
"ConditionalFormattingTable.html"
"CustomViewSettingsRecordAggregate.html"
"DataValidityTable.html"
"FormulaRecordAggregate.html"
"MergedCellsTable.html"
"package-frame.html","package"
"package-summary.html","package"
"package-tree.html","package"
"package-use.html","package"
"PageSettingsBlock.html"
"RecordAggregate.html"
"RecordAggregate.PositionTrackingVisitor.html"
"RecordAggregate.RecordVisitor.html"
"RowRecordsAggregate.html"
"SharedValueManager.html"
"ValueRecordsAggregate.html"
"WorksheetProtectionBlock.html"
"ArrayRecord.html"
"AutoFilterInfoRecord.html"
"BackupRecord.html"
"BiffHeaderInput.html"
"BlankRecord.html"
"BOFRecord.html"
"BookBoolRecord.html"
"BoolErrRecord.html"
"BottomMarginRecord.html"
"BoundSheetRecord.html"
"CalcCountRecord.html"
"CalcModeRecord.html"
"CellRecord.html"
"CellValueRecordInterface.html"
"BorderFormatting.html"
"CellRangeUtil.html"
"BorderFormatting.html"
"CellRangeUtil.html"
"FontFormatting.html"
"PatternFormatting.html"
"FontFormatting.html"
"package-frame.html","package"
"package-summary.html","package"
"package-tree.html","package"
"package-use.html","package"
"PatternFormatting.html"
"CFHeaderRecord.html"
"CFRuleRecord.ComparisonOperator.html"
"CFRuleRecord.html"
"AreaFormatRecord.html"
"AreaRecord.html"
"AxisLineFormatRecord.html"
"AxisOptionsRecord.html"
"AxisParentRecord.html"
"AxisRecord.html"
"AxisUsedRecord.html"
"BarRecord.html"
"BeginRecord.html"
"CategorySeriesAxisRecord.html"
"CatLabRecord.html"
"ChartEndBlockRecord.html"
"ChartEndObjectRecord.html"
"ChartFormatRecord.html"
"ChartFRTInfoRecord.html"
"ChartRecord.html"
"ChartStartBlockRecord.html"
"ChartStartObjectRecord.html"
"ChartTitleFormatRecord.html"
"AreaFormatRecord.html"
"AreaRecord.html"
"AxisLineFormatRecord.html"
"AxisOptionsRecord.html"
"AxisParentRecord.html"
"AxisRecord.html"
"AxisUsedRecord.html"
"BarRecord.html"
"BeginRecord.html"
"CategorySeriesAxisRecord.html"
"CatLabRecord.html"
"ChartEndBlockRecord.html"
"ChartEndObjectRecord.html"
"ChartFormatRecord.html"
"ChartFRTInfoRecord.html"
"ChartRecord.html"
"ChartStartBlockRecord.html"
"ChartStartObjectRecord.html"
"ChartTitleFormatRecord.html"
"DataFormatRecord.html"
"DataLabelExtensionRecord.html"
"DatRecord.html"
"DefaultDataLabelTextPropertiesRecord.html"
"EndRecord.html"
"FontBasisRecord.html"
"FontIndexRecord.html"
"FrameRecord.html"
"LegendRecord.html"
"LineFormatRecord.html"
"LinkedDataRecord.html"
"NumberFormatIndexRecord.html"
"ObjectLinkRecord.html"
"PlotAreaRecord.html"
"PlotGrowthRecord.html"
"SeriesChartGroupIndexRecord.html"
"SeriesIndexRecord.html"
"SeriesLabelsRecord.html"
"SeriesListRecord.html"
"SeriesRecord.html"
"SeriesTextRecord.html"
"SeriesToChartGroupRecord.html"
"SheetPropertiesRecord.html"
"TextRecord.html"
"TickRecord.html"
"UnitsRecord.html"
"ValueRangeRecord.html"
"DataFormatRecord.html"
"DataLabelExtensionRecord.html"
"DatRecord.html"
"DefaultDataLabelTextPropertiesRecord.html"
"EndRecord.html"
"FontBasisRecord.html"
"FontIndexRecord.html"
"FrameRecord.html"
"LegendRecord.html"
"LineFormatRecord.html"
"LinkedDataRecord.html"
"NumberFormatIndexRecord.html"
"ObjectLinkRecord.html"
"package-frame.html","package"
"package-summary.html","package"
"package-tree.html","package"
"package-use.html","package"
"PlotAreaRecord.html"
"PlotGrowthRecord.html"
"SeriesChartGroupIndexRecord.html"
"SeriesIndexRecord.html"
"SeriesLabelsRecord.html"
"SeriesListRecord.html"
"SeriesRecord.html"
"SeriesTextRecord.html"
"SeriesToChartGroupRecord.html"
"SheetPropertiesRecord.html"
"TextRecord.html"
"TickRecord.html"
"UnitsRecord.html"
"ValueRangeRecord.html"
"AbstractEscherHolderRecord.html"
"ArrayRecord.html"
"AutoFilterInfoRecord.html"
"BackupRecord.html"
"BiffHeaderInput.html"
"BlankRecord.html"
"BOFRecord.html"
"BookBoolRecord.html"
"BoolErrRecord.html"
"BottomMarginRecord.html"
"BoundSheetRecord.html"
"CalcCountRecord.html"
"CalcModeRecord.html"
"CellRecord.html"
"CellValueRecordInterface.html"
"CFHeaderRecord.html"
"CFRuleRecord.ComparisonOperator.html"
"CFRuleRecord.html"
"CodepageRecord.html"
"ColumnInfoRecord.html"
"CommonObjectDataSubRecord.html"
"ContinueRecord.html"
"CountryRecord.html"
"CRNCountRecord.html"
"CRNRecord.html"
"DateWindow1904Record.html"
"DBCellRecord.Builder.html"
"DBCellRecord.html"
"DConRefRecord.html"
"DefaultColWidthRecord.html"
"DefaultRowHeightRecord.html"
"DeltaRecord.html"
"DimensionsRecord.html"
"DrawingGroupRecord.html"
"DrawingRecord.html"
"DrawingRecordForBiffViewer.html"
"DrawingSelectionRecord.html"
"DSFRecord.html"
"DVALRecord.html"
"DVRecord.html"
"EmbeddedObjectRefSubRecord.html"
"EndSubRecord.html"
"EOFRecord.html"
"EscherAggregate.html"
"ExtendedFormatRecord.html"
"ExternalNameRecord.html"
"ExternSheetRecord.html"
"ExtSSTRecord.html"
"ExtSSTRecord.InfoSubRecord.html"
"FeatHdrRecord.html"
"FeatRecord.html"
"FilePassRecord.html"
"FileSharingRecord.html"
"FnGroupCountRecord.html"
"FontRecord.html"
"FooterRecord.html"
"FormatRecord.html"
"FormulaRecord.html"
"FtCblsSubRecord.html"
"GridsetRecord.html"
"GroupMarkerSubRecord.html"
"GutsRecord.html"
"HCenterRecord.html"
"HeaderFooterBase.html"
"HeaderFooterRecord.html"
"HeaderRecord.html"
"HideObjRecord.html"
"HorizontalPageBreakRecord.html"
"HyperlinkRecord.html"
"IndexRecord.html"
"InterfaceEndRecord.html"
"InterfaceHdrRecord.html"
"IterationRecord.html"
"LabelRecord.html"
"LabelSSTRecord.html"
"LbsDataSubRecord.html"
"LbsDataSubRecord.LbsDropData.html"
"LeftMarginRecord.html"
"Margin.html"
"MergeCellsRecord.html"
"MMSRecord.html"
"MulBlankRecord.html"
"MulRKRecord.html"
"NameCommentRecord.html"
"NameRecord.html"
"NoteRecord.html"
"NoteStructureSubRecord.html"
"NumberRecord.html"
"ObjectProtectRecord.html"
"ObjRecord.html"
"PageBreakRecord.Break.html"
"PageBreakRecord.html"
"PaletteRecord.html"
"PaneRecord.html"
"PasswordRecord.html"
"PasswordRev4Record.html"
"PrecisionRecord.html"
"PrintGridlinesRecord.html"
"PrintHeadersRecord.html"
"PrintSetupRecord.html"
"ProtectionRev4Record.html"
"ProtectRecord.html"
"RecalcIdRecord.html"
"Record.html"
"RecordBase.html"
"RecordFactory.html"
"RecordFactoryInputStream.html"
"RecordFormatException.html"
"RecordInputStream.html"
"RecordInputStream.LeftoverDataException.html"
"RefModeRecord.html"
"RefreshAllRecord.html"
"RightMarginRecord.html"
"RKRecord.html"
"RowRecord.html"
"SaveRecalcRecord.html"
"ScenarioProtectRecord.html"
"SCLRecord.html"
"SelectionRecord.html"
"SharedFormulaRecord.html"
"SharedValueRecordBase.html"
"SSTRecord.html"
"StandardRecord.html"
"StringRecord.html"
"StyleRecord.html"
"SubRecord.html"
"SupBookRecord.html"
"TabIdRecord.html"
"TableRecord.html"
"TableStylesRecord.html"
"TextObjectRecord.html"
"TopMarginRecord.html"
"UncalcedRecord.html"
"UnicodeString.html"
"UnknownRecord.html"
"UserSViewBegin.html"
"UserSViewEnd.html"
"UseSelFSRecord.html"
"VCenterRecord.html"
"VerticalPageBreakRecord.html"
"WindowOneRecord.html"
"WindowProtectRecord.html"
"WindowTwoRecord.html"
"WriteAccessRecord.html"
"WriteProtectRecord.html"
"WSBoolRecord.html"
"CodepageRecord.html"
"ColumnInfoRecord.html"
"FeatFormulaErr2.html"
"FeatProtection.html"
"FeatSmartTag.html"
"FtrHeader.html"
"SharedFeature.html"
"UnicodeString.ExtRst.html"
"UnicodeString.FormatRun.html"
"UnicodeString.html"
"UnicodeString.PhRun.html"
"FeatFormulaErr2.html"
"FeatProtection.html"
"FeatSmartTag.html"
"FtrHeader.html"
"package-frame.html","package"
"package-summary.html","package"
"package-tree.html","package"
"package-use.html","package"
"SharedFeature.html"
"UnicodeString.ExtRst.html"
"UnicodeString.FormatRun.html"
"UnicodeString.html"
"UnicodeString.PhRun.html"
"CommonObjectDataSubRecord.html"
"ContinuableRecord.html"
"ContinuableRecordInput.html"
"ContinuableRecordOutput.html"
"ContinuableRecord.html"
"ContinuableRecordInput.html"
"ContinuableRecordOutput.html"
"package-frame.html","package"
"package-summary.html","package"
"package-tree.html","package"
"package-use.html","package"
"ContinueRecord.html"
"CountryRecord.html"
"CRNCountRecord.html"
"CRNRecord.html"
"Biff8DecryptingStream.html"
"Biff8EncryptionKey.html"
"Biff8DecryptingStream.html"
"Biff8EncryptionKey.html"
"package-frame.html","package"
"package-summary.html","package"
"package-tree.html","package"
"package-use.html","package"
"DateWindow1904Record.html"
"DBCellRecord.Builder.html"
"DBCellRecord.html"
"DConRefRecord.html"
"DefaultColWidthRecord.html"
"DefaultRowHeightRecord.html"
"DeltaRecord.html"
"DimensionsRecord.html"
"DrawingGroupRecord.html"
"DrawingRecord.html"
"DrawingRecordForBiffViewer.html"
"DrawingSelectionRecord.html"
"DSFRecord.html"
"DVALRecord.html"
"DVRecord.html"
"EmbeddedObjectRefSubRecord.html"
"EndSubRecord.html"
"EOFRecord.html"
"EscherAggregate.html"
"ExtendedFormatRecord.html"
"ExternalNameRecord.html"
"ExternSheetRecord.html"
"ExtSSTRecord.html"
"ExtSSTRecord.InfoSubRecord.html"
"FeatHdrRecord.html"
"FeatRecord.html"
"FilePassRecord.html"
"FileSharingRecord.html"
"FnGroupCountRecord.html"
"FontRecord.html"
"FooterRecord.html"
"FormatRecord.html"
"FormulaRecord.html"
"FtCblsSubRecord.html"
"GridsetRecord.html"
"GroupMarkerSubRecord.html"
"GutsRecord.html"
"HCenterRecord.html"
"HeaderFooterBase.html"
"HeaderFooterRecord.html"
"HeaderRecord.html"
"HideObjRecord.html"
"HorizontalPageBreakRecord.html"
"HyperlinkRecord.html"
"IndexRecord.html"
"InterfaceEndRecord.html"
"InterfaceHdrRecord.html"
"IterationRecord.html"
"LabelRecord.html"
"LabelSSTRecord.html"
"LbsDataSubRecord.html"
"LbsDataSubRecord.LbsDropData.html"
"LeftMarginRecord.html"
"Margin.html"
"MergeCellsRecord.html"
"MMSRecord.html"
"MulBlankRecord.html"
"MulRKRecord.html"
"NameCommentRecord.html"
"NameRecord.html"
"NoteRecord.html"
"NoteStructureSubRecord.html"
"NumberRecord.html"
"ObjectProtectRecord.html"
"ObjRecord.html"
"package-frame.html","package"
"package-summary.html","package"
"package-tree.html","package"
"package-use.html","package"
"PageBreakRecord.Break.html"
"PageBreakRecord.html"
"PaletteRecord.html"
"PaneRecord.html"
"PasswordRecord.html"
"PasswordRev4Record.html"
"DataItemRecord.html"
"ExtendedPivotTableViewFieldsRecord.html"
"PageItemRecord.html"
"StreamIDRecord.html"
"ViewDefinitionRecord.html"
"ViewFieldsRecord.html"
"ViewSourceRecord.html"
"DataItemRecord.html"
"ExtendedPivotTableViewFieldsRecord.html"
"package-frame.html","package"
"package-summary.html","package"
"package-tree.html","package"
"package-use.html","package"
"PageItemRecord.html"
"StreamIDRecord.html"
"ViewDefinitionRecord.html"
"ViewFieldsRecord.html"
"ViewSourceRecord.html"
"PrecisionRecord.html"
"PrintGridlinesRecord.html"
"PrintHeadersRecord.html"
"PrintSetupRecord.html"
"ProtectionRev4Record.html"
"ProtectRecord.html"
"RecalcIdRecord.html"
"Record.html"
"RecordBase.html"
"RecordFactory.html"
"RecordFactoryInputStream.html"
"RecordFormatException.html"
"RecordInputStream.html"
"RecordInputStream.LeftoverDataException.html"
"RefModeRecord.html"
"RefreshAllRecord.html"
"RightMarginRecord.html"
"RKRecord.html"
"RowRecord.html"
"SaveRecalcRecord.html"
"ScenarioProtectRecord.html"
"SCLRecord.html"
"SelectionRecord.html"
"SharedFormulaRecord.html"
"SharedValueRecordBase.html"
"SSTRecord.html"
"StandardRecord.html"
"StringRecord.html"
"StyleRecord.html"
"SubRecord.html"
"SupBookRecord.html"
"TabIdRecord.html"
"TableRecord.html"
"TableStylesRecord.html"
"TextObjectRecord.html"
"TopMarginRecord.html"
"UncalcedRecord.html"
"UnicodeString.html"
"UnknownRecord.html"
"UserSViewBegin.html"
"UserSViewEnd.html"
"UseSelFSRecord.html"
"VCenterRecord.html"
"VerticalPageBreakRecord.html"
"WindowOneRecord.html"
"WindowProtectRecord.html"
"WindowTwoRecord.html"
"WriteAccessRecord.html"
"WriteProtectRecord.html"
"WSBoolRecord.html"
"DummyGraphics2d.html"
"DVConstraint.FormulaPair.html"
"DVConstraint.html"
"EscherGraphics.html"
"EscherGraphics2d.html"
"FontDetails.html"
"HeaderFooter.html"
"HSSFAnchor.html"
"HSSFAutoFilter.html"
"HSSFBorderFormatting.html"
"HSSFCell.html"
"HSSFCellStyle.html"
"HSSFChart.HSSFChartType.html"
"HSSFChart.HSSFSeries.html"
"HSSFChart.html"
"HSSFChildAnchor.html"
"HSSFClientAnchor.html"
"HSSFCombobox.html"
"HSSFComment.html"
"HSSFConditionalFormatting.html"
"HSSFConditionalFormattingRule.html"
"HSSFCreationHelper.html"
"HSSFDataFormat.html"
"HSSFDataFormatter.html"
"HSSFDataValidation.html"
"HSSFDataValidationHelper.html"
"HSSFDateUtil.html"
"HSSFErrorConstants.html"
"HSSFEvaluationWorkbook.html"
"HSSFFont.html"
"HSSFFontFormatting.html"
"HSSFFooter.html"
"HSSFFormulaEvaluator.html"
"HSSFHeader.html"
"HSSFHyperlink.html"
"HSSFName.html"
"HSSFObjectData.html"
"HSSFOptimiser.html"
"HSSFPalette.html"
"HSSFPatriarch.html"
"HSSFPatternFormatting.html"
"HSSFPicture.html"
"HSSFPictureData.html"
"HSSFPolygon.html"
"HSSFPrintSetup.html"
"HSSFRichTextString.html"
"HSSFRow.html"
"HSSFShape.html"
"HSSFShapeContainer.html"
"HSSFShapeFactory.html"
"HSSFShapeGroup.html"
"HSSFShapeTypes.html"
"HSSFSheet.html"
"HSSFSheetConditionalFormatting.html"
"HSSFSimpleShape.html"
"HSSFTextbox.html"
"HSSFWorkbook.html"
"DummyGraphics2d.html"
"DVConstraint.FormulaPair.html"
"DVConstraint.html"
"EscherGraphics.html"
"EscherGraphics2d.html"
"FontDetails.html"
"HeaderFooter.html"
"HSSFAnchor.html"
"HSSFAutoFilter.html"
"HSSFBorderFormatting.html"
"HSSFCell.html"
"HSSFCellStyle.html"
"HSSFChart.HSSFChartType.html"
"HSSFChart.HSSFSeries.html"
"HSSFChart.html"
"HSSFChildAnchor.html"
"HSSFClientAnchor.html"
"HSSFCombobox.html"
"HSSFComment.html"
"HSSFConditionalFormatting.html"
"HSSFConditionalFormattingRule.html"
"HSSFCreationHelper.html"
"HSSFDataFormat.html"
"HSSFDataFormatter.html"
"HSSFDataValidation.html"
"HSSFDataValidationHelper.html"
"HSSFDateUtil.html"
"HSSFErrorConstants.html"
"HSSFEvaluationWorkbook.html"
"HSSFFont.html"
"HSSFFontFormatting.html"
"HSSFFooter.html"
"HSSFFormulaEvaluator.html"
"HSSFHeader.html"
"HSSFHyperlink.html"
"HSSFName.html"
"HSSFObjectData.html"
"HSSFOptimiser.html"
"HSSFPalette.html"
"HSSFPatriarch.html"
"HSSFPatternFormatting.html"
"HSSFPicture.html"
"HSSFPictureData.html"
"HSSFPolygon.html"
"HSSFPrintSetup.html"
"HSSFRichTextString.html"
"HSSFRow.html"
"HSSFShape.html"
"HSSFShapeContainer.html"
"HSSFShapeFactory.html"
"HSSFShapeGroup.html"
"HSSFShapeTypes.html"
"HSSFSheet.html"
"HSSFSheetConditionalFormatting.html"
"HSSFSimpleShape.html"
"HSSFTextbox.html"
"HSSFWorkbook.html"
"package-frame.html","package"
"package-summary.html","package"
"package-tree.html","package"
"package-use.html","package"
"AreaReference.html"
"CellRangeAddress.html"
"CellRangeAddress8Bit.html"
"CellRangeAddressList.html"
"CellReference.html"
"AreaReference.html"
"CellRangeAddress.html"
"CellRangeAddress8Bit.html"
"CellRangeAddressList.html"
"CellReference.html"
"HSSFCellUtil.html"
"HSSFColor.AQUA.html"
"HSSFColor.AUTOMATIC.html"
"HSSFColor.BLACK.html"
"HSSFColor.BLUE.html"
"HSSFColor.BLUE_GREY.html"
"HSSFColor.BRIGHT_GREEN.html"
"HSSFColor.BROWN.html"
"HSSFColor.CORAL.html"
"HSSFColor.CORNFLOWER_BLUE.html"
"HSSFColor.DARK_BLUE.html"
"HSSFColor.DARK_GREEN.html"
"HSSFColor.DARK_RED.html"
"HSSFColor.DARK_TEAL.html"
"HSSFColor.DARK_YELLOW.html"
"HSSFColor.GOLD.html"
"HSSFColor.GREEN.html"
"HSSFColor.GREY_25_PERCENT.html"
"HSSFColor.GREY_40_PERCENT.html"
"HSSFColor.GREY_50_PERCENT.html"
"HSSFColor.GREY_80_PERCENT.html"
"HSSFColor.html"
"HSSFColor.INDIGO.html"
"HSSFColor.LAVENDER.html"
"HSSFColor.LEMON_CHIFFON.html"
"HSSFColor.LIGHT_BLUE.html"
"HSSFColor.LIGHT_CORNFLOWER_BLUE.html"
"HSSFColor.LIGHT_GREEN.html"
"HSSFColor.LIGHT_ORANGE.html"
"HSSFColor.LIGHT_TURQUOISE.html"
"HSSFColor.LIGHT_YELLOW.html"
"HSSFColor.LIME.html"
"HSSFColor.MAROON.html"
"HSSFColor.OLIVE_GREEN.html"
"HSSFColor.ORANGE.html"
"HSSFColor.ORCHID.html"
"HSSFColor.PALE_BLUE.html"
"HSSFColor.PINK.html"
"HSSFColor.PLUM.html"
"HSSFColor.RED.html"
"HSSFColor.ROSE.html"
"HSSFColor.ROYAL_BLUE.html"
"HSSFColor.SEA_GREEN.html"
"HSSFColor.SKY_BLUE.html"
"HSSFColor.TAN.html"
"HSSFColor.TEAL.html"
"HSSFColor.TURQUOISE.html"
"HSSFColor.VIOLET.html"
"HSSFColor.WHITE.html"
"HSSFColor.YELLOW.html"
"HSSFRegionUtil.html"
"LazilyConcatenatedByteArray.html"
"PaneInformation.html"
"Region.html"
"RKUtil.html"
"HSSFCellUtil.html"
"HSSFColor.AQUA.html"
"HSSFColor.AUTOMATIC.html"
"HSSFColor.BLACK.html"
"HSSFColor.BLUE.html"
"HSSFColor.BLUE_GREY.html"
"HSSFColor.BRIGHT_GREEN.html"
"HSSFColor.BROWN.html"
"HSSFColor.CORAL.html"
"HSSFColor.CORNFLOWER_BLUE.html"
"HSSFColor.DARK_BLUE.html"
"HSSFColor.DARK_GREEN.html"
"HSSFColor.DARK_RED.html"
"HSSFColor.DARK_TEAL.html"
"HSSFColor.DARK_YELLOW.html"
"HSSFColor.GOLD.html"
"HSSFColor.GREEN.html"
"HSSFColor.GREY_25_PERCENT.html"
"HSSFColor.GREY_40_PERCENT.html"
"HSSFColor.GREY_50_PERCENT.html"
"HSSFColor.GREY_80_PERCENT.html"
"HSSFColor.html"
"HSSFColor.INDIGO.html"
"HSSFColor.LAVENDER.html"
"HSSFColor.LEMON_CHIFFON.html"
"HSSFColor.LIGHT_BLUE.html"
"HSSFColor.LIGHT_CORNFLOWER_BLUE.html"
"HSSFColor.LIGHT_GREEN.html"
"HSSFColor.LIGHT_ORANGE.html"
"HSSFColor.LIGHT_TURQUOISE.html"
"HSSFColor.LIGHT_YELLOW.html"
"HSSFColor.LIME.html"
"HSSFColor.MAROON.html"
"HSSFColor.OLIVE_GREEN.html"
"HSSFColor.ORANGE.html"
"HSSFColor.ORCHID.html"
"HSSFColor.PALE_BLUE.html"
"HSSFColor.PINK.html"
"HSSFColor.PLUM.html"
"HSSFColor.RED.html"
"HSSFColor.ROSE.html"
"HSSFColor.ROYAL_BLUE.html"
"HSSFColor.SEA_GREEN.html"
"HSSFColor.SKY_BLUE.html"
"HSSFColor.TAN.html"
"HSSFColor.TEAL.html"
"HSSFColor.TURQUOISE.html"
"HSSFColor.VIOLET.html"
"HSSFColor.WHITE.html"
"HSSFColor.YELLOW.html"
"HSSFRegionUtil.html"
"LazilyConcatenatedByteArray.html"
"package-frame.html","package"
"package-summary.html","package"
"package-tree.html","package"
"package-use.html","package"
"PaneInformation.html"
"Region.html"
"RKUtil.html"
"HWPFDocument.html"
"HWPFDocumentCore.html"
"HWPFOldDocument.html"
"OldWordFileFormatException.html"
"QuickTest.html"
"AbstractWordConverter.html"
"AbstractWordUtils.html"
"AbstractWordUtils.NumberingState.html"
"AbstractWordConverter.html"
"AbstractWordUtils.html"
"AbstractWordUtils.NumberingState.html"
"DefaultFontReplacer.html"
"FoDocumentFacade.html"
"FontReplacer.html"
"FontReplacer.Triplet.html"
"HtmlDocumentFacade.html"
"NumberFormatter.html"
"PicturesManager.html"
"TextDocumentFacade.html"
"WordToFoConverter.html"
"WordToFoUtils.html"
"WordToHtmlConverter.html"
"WordToHtmlUtils.html"
"WordToTextConverter.html"
"DefaultFontReplacer.html"
"FoDocumentFacade.html"
"FontReplacer.html"
"FontReplacer.Triplet.html"
"HtmlDocumentFacade.html"
"NumberFormatter.html"
"package-frame.html","package"
"package-summary.html","package"
"package-tree.html","package"
"package-use.html","package"
"PicturesManager.html"
"TextDocumentFacade.html"
"WordToFoConverter.html"
"WordToFoUtils.html"
"WordToHtmlConverter.html"
"WordToHtmlUtils.html"
"WordToTextConverter.html"
"FieldIterator.html"
"HWPFLister.html"
"RecordUtil.html"
"FieldIterator.html"
"HWPFLister.html"
"package-frame.html","package"
"package-summary.html","package"
"package-tree.html","package"
"package-use.html","package"
"RecordUtil.html"
"Word6Extractor.html"
"WordExtractor.html"
"package-frame.html","package"
"package-summary.html","package"
"package-tree.html","package"
"package-use.html","package"
"Word6Extractor.html"
"WordExtractor.html"
"HWPFDocument.html"
"HWPFDocumentCore.html"
"HWPFOldDocument.html"
"BookmarkFirstDescriptor.html"
"BookmarksTables.html"
"BytePropertyNode.html"
"CachedPropertyNode.html"
"CharIndexTranslator.html"
"CHPBinTable.html"
"CHPFormattedDiskPage.html"
"CHPX.html"
"BookmarkFirstDescriptor.html"
"BookmarksTables.html"
"BytePropertyNode.html"
"CachedPropertyNode.html"
"CharIndexTranslator.html"
"CHPBinTable.html"
"CHPFormattedDiskPage.html"
"CHPX.html"
"Colorref.html"
"ComplexFileTable.html"
"DocumentProperties.html"
"EscherRecordHolder.html"
"FFData.html"
"FFDataBase.html"
"Ffn.html"
"FibBase.html"
"FIBFieldHandler.html"
"FieldDescriptor.html"
"FieldsDocumentPart.html"
"FieldsTables.html"
"FileInformationBlock.html"
"FontTable.html"
"FootnoteReferenceDescriptor.html"
"FormattedDiskPage.html"
"FSPA.html"
"FSPADocumentPart.html"
"FSPATable.html"
"GenericPropertyNode.html"
"Grfhic.html"
"HDFType.html"
"Hyphenation.html"
"LFO.html"
"LFOData.html"
"ListData.html"
"ListFormatOverrideLevel.html"
"ListLevel.html"
"ListTables.html"
"NilPICFAndBinData.html"
"NotesTables.html"
"NoteType.html"
"OldCHPBinTable.html"
"OldPAPBinTable.html"
"OldSectionTable.html"
"PAPBinTable.html"
"PAPFormattedDiskPage.html"
"PAPX.html"
"ParagraphHeight.html"
"PICF.html"
"PICFAndOfficeArtData.html"
"PicturesTable.html"
"PieceDescriptor.html"
"PlexOfCps.html"
"PlexOfField.html"
"PlfLfo.html"
"PropertyModifier.html"
"PropertyNode.EndComparator.html"
"PropertyNode.html"
"PropertyNode.StartComparator.html"
"RevisionMarkAuthorTable.html"
"SavedByEntry.html"
"SavedByTable.html"
"SectionDescriptor.html"
"SectionTable.html"
"SEPX.html"
"ShapesTable.html"
"SinglentonTextPiece.html"
"Sttb.html"
"StyleDescription.html"
"StyleSheet.html"
"SubdocumentType.html"
"TabDescriptor.html"
"TextPiece.html"
"TextPieceTable.html"
"UnhandledDataStructure.html"
"UPX.html"
"Xst.html"
"Xstz.html"
"Colorref.html"
"ComplexFileTable.html"
"DocumentProperties.html"
"EscherRecordHolder.html"
"FFData.html"
"FFDataBase.html"
"Ffn.html"
"FibBase.html"
"FIBFieldHandler.html"
"FieldDescriptor.html"
"FieldsDocumentPart.html"
"FieldsTables.html"
"FileInformationBlock.html"
"FontTable.html"
"FootnoteReferenceDescriptor.html"
"FormattedDiskPage.html"
"FSPA.html"
"FSPADocumentPart.html"
"FSPATable.html"
"GenericPropertyNode.html"
"Grfhic.html"
"HDFType.html"
"Hyphenation.html"
"HWPFFileSystem.html"
"HWPFOutputStream.html"
"HWPFFileSystem.html"
"HWPFOutputStream.html"
"package-frame.html","package"
"package-summary.html","package"
"package-tree.html","package"
"package-use.html","package"
"LFO.html"
"LFOData.html"
"ListData.html"
"ListFormatOverrideLevel.html"
"ListLevel.html"
"ListTables.html"
"NilPICFAndBinData.html"
"NotesTables.html"
"NoteType.html"
"OldCHPBinTable.html"
"OldPAPBinTable.html"
"OldSectionTable.html"
"package-frame.html","package"
"package-summary.html","package"
"package-tree.html","package"
"package-use.html","package"
"PAPBinTable.html"
"PAPFormattedDiskPage.html"
"PAPX.html"
"ParagraphHeight.html"
"PICF.html"
"PICFAndOfficeArtData.html"
"PicturesTable.html"
"PieceDescriptor.html"
"PlexOfCps.html"
"PlexOfField.html"
"PlfLfo.html"
"PropertyModifier.html"
"PropertyNode.EndComparator.html"
"PropertyNode.html"
"PropertyNode.StartComparator.html"
"RevisionMarkAuthorTable.html"
"SavedByEntry.html"
"SavedByTable.html"
"SectionDescriptor.html"
"SectionTable.html"
"SEPX.html"
"ShapesTable.html"
"SinglentonTextPiece.html"
"Sttb.html"
"StyleDescription.html"
"StyleSheet.html"
"SubdocumentType.html"
"TabDescriptor.html"
"TextPiece.html"
"TextPieceTable.html"
"BKFAbstractType.html"
"CHPAbstractType.html"
"BKFAbstractType.html"
"CHPAbstractType.html"
"DOPAbstractType.html"
"FFDataBaseAbstractType.html"
"FibBaseAbstractType.html"
"FibRgLw95AbstractType.html"
"FibRgLw97AbstractType.html"
"FibRgW97AbstractType.html"
"FLDAbstractType.html"
"FRDAbstractType.html"
"FSPAAbstractType.html"
"GrfhicAbstractType.html"
"HRESIAbstractType.html"
"LFOAbstractType.html"
"LFOLVLBaseAbstractType.html"
"LSTFAbstractType.html"
"LVLFAbstractType.html"
"PAPAbstractType.html"
"PICFAbstractType.html"
"SEPAbstractType.html"
"SHD80AbstractType.html"
"SHDAbstractType.html"
"StdfBaseAbstractType.html"
"StdfPost2000AbstractType.html"
"StshifAbstractType.html"
"TAPAbstractType.html"
"TBDAbstractType.html"
"TCAbstractType.html"
"TLPAbstractType.html"
"DOPAbstractType.html"
"FFDataBaseAbstractType.html"
"FibBaseAbstractType.html"
"FibRgLw95AbstractType.html"
"FibRgLw97AbstractType.html"
"FibRgW97AbstractType.html"
"FLDAbstractType.html"
"FRDAbstractType.html"
"FSPAAbstractType.html"
"GrfhicAbstractType.html"
"HRESIAbstractType.html"
"LFOAbstractType.html"
"LFOLVLBaseAbstractType.html"
"LSTFAbstractType.html"
"LVLFAbstractType.html"
"package-frame.html","package"
"package-summary.html","package"
"package-tree.html","package"
"package-use.html","package"
"PAPAbstractType.html"
"PICFAbstractType.html"
"SEPAbstractType.html"
"SHD80AbstractType.html"
"SHDAbstractType.html"
"StdfBaseAbstractType.html"
"StdfPost2000AbstractType.html"
"StshifAbstractType.html"
"TAPAbstractType.html"
"TBDAbstractType.html"
"TCAbstractType.html"
"TLPAbstractType.html"
"UnhandledDataStructure.html"
"UPX.html"
"Xst.html"
"Xstz.html"
"OldWordFileFormatException.html"
"package-frame.html","package"
"package-summary.html","package"
"package-tree.html","package"
"package-use.html","package"
"QuickTest.html"
"CharacterSprmCompressor.html"
"CharacterSprmUncompressor.html"
"CharacterSprmCompressor.html"
"CharacterSprmUncompressor.html"
"ParagraphSprmCompressor.html"
"ParagraphSprmUncompressor.html"
"SectionSprmCompressor.html"
"SectionSprmUncompressor.html"
"SprmBuffer.html"
"SprmIterator.html"
"SprmOperation.html"
"SprmUncompressor.html"
"SprmUtils.html"
"TableSprmCompressor.html"
"TableSprmUncompressor.html"
"package-frame.html","package"
"package-summary.html","package"
"package-tree.html","package"
"package-use.html","package"
"ParagraphSprmCompressor.html"
"ParagraphSprmUncompressor.html"
"SectionSprmCompressor.html"
"SectionSprmUncompressor.html"
"SprmBuffer.html"
"SprmIterator.html"
"SprmOperation.html"
"SprmUncompressor.html"
"SprmUtils.html"
"TableSprmCompressor.html"
"TableSprmUncompressor.html"
"Bookmark.html"
"Bookmarks.html"
"BookmarksImpl.html"
"BorderCode.html"
"CharacterProperties.html"
"CharacterRun.html"
"Bookmark.html"
"Bookmarks.html"
"BookmarksImpl.html"
"BorderCode.html"
"CharacterProperties.html"
"CharacterRun.html"
"DateAndTime.html"
"DocumentPosition.html"
"DropCapSpecifier.html"
"Field.html"
"Fields.html"
"FieldsImpl.html"
"HeaderStories.html"
"HWPFList.html"
"LineSpacingDescriptor.html"
"ListEntry.html"
"Notes.html"
"NotesImpl.html"
"ObjectPoolImpl.html"
"ObjectsPool.html"
"OfficeDrawing.HorizontalPositioning.html"
"OfficeDrawing.HorizontalRelativeElement.html"
"OfficeDrawing.html"
"OfficeDrawing.VerticalPositioning.html"
"OfficeDrawing.VerticalRelativeElement.html"
"OfficeDrawings.html"
"OfficeDrawingsImpl.html"
"Paragraph.html"
"ParagraphProperties.html"
"Picture.html"
"PictureType.html"
"Range.html"
"Section.html"
"SectionProperties.html"
"ShadingDescriptor.html"
"ShadingDescriptor80.html"
"Shape.html"
"Table.html"
"TableAutoformatLookSpecifier.html"
"TableCell.html"
"TableCellDescriptor.html"
"TableIterator.html"
"TableProperties.html"
"TableRow.html"
"DateAndTime.html"
"DocumentPosition.html"
"DropCapSpecifier.html"
"Field.html"
"Fields.html"
"FieldsImpl.html"
"HeaderStories.html"
"HWPFList.html"
"LineSpacingDescriptor.html"
"ListEntry.html"
"Notes.html"
"NotesImpl.html"
"ObjectPoolImpl.html"
"ObjectsPool.html"
"OfficeDrawing.HorizontalPositioning.html"
"OfficeDrawing.HorizontalRelativeElement.html"
"OfficeDrawing.html"
"OfficeDrawing.VerticalPositioning.html"
"OfficeDrawing.VerticalRelativeElement.html"
"OfficeDrawings.html"
"OfficeDrawingsImpl.html"
"package-frame.html","package"
"package-summary.html","package"
"package-tree.html","package"
"package-use.html","package"
"Paragraph.html"
"ParagraphProperties.html"
"Picture.html"
"PictureType.html"
"Range.html"
"Section.html"
"SectionProperties.html"
"ShadingDescriptor.html"
"ShadingDescriptor80.html"
"Shape.html"
"Table.html"
"TableAutoformatLookSpecifier.html"
"TableCell.html"
"TableCellDescriptor.html"
"TableIterator.html"
"TableProperties.html"
"TableRow.html"
"OldFileFormatException.html"
"InvalidFormatException.html"
"InvalidOperationException.html"
"OpenXML4JException.html"
"OpenXML4JRuntimeException.html"
"PartAlreadyExistsException.html"
"InvalidFormatException.html"
"InvalidOperationException.html"
"OpenXML4JException.html"
"OpenXML4JRuntimeException.html"
"package-frame.html","package"
"package-summary.html","package"
"package-tree.html","package"
"package-use.html","package"
"PartAlreadyExistsException.html"
"CertificateEmbeddingOption.html"
"CertificateEmbeddingOption.html"
"CompressionOption.html"
"Configuration.html"
"ContentTypes.html"
"EncryptionOption.html"
"OPCPackage.html"
"Package.html"
"PackageAccess.html"
"PackageNamespaces.html"
"PackagePart.html"
"PackagePartCollection.html"
"PackagePartName.html"
"PackageProperties.html"
"PackageRelationship.html"
"PackageRelationshipCollection.html"
"PackageRelationshipTypes.html"
"PackagingURIHelper.html"
"RelationshipSource.html"
"StreamHelper.html"
"TargetMode.html"
"ZipPackage.html"
"ZipPackagePart.html"
"CompressionOption.html"
"Configuration.html"
"ContentTypes.html"
"EncryptionOption.html"
"ContentType.html"
"ContentTypeManager.html"
"FileHelper.html"
"MemoryPackagePart.html"
"MemoryPackagePartOutputStream.html"
"PackagePropertiesPart.html"
"PartMarshaller.html"
"PartUnmarshaller.html"
"ZipContentTypeManager.html"
"ZipHelper.html"
"ContentType.html"
"ContentTypeManager.html"
"FileHelper.html"
"DefaultMarshaller.html"
"PackagePropertiesMarshaller.html"
"ZipPackagePropertiesMarshaller.html"
"ZipPartMarshaller.html"
"DefaultMarshaller.html"
"package-frame.html","package"
"package-summary.html","package"
"package-tree.html","package"
"package-use.html","package"
"PackagePropertiesMarshaller.html"
"ZipPackagePropertiesMarshaller.html"
"ZipPartMarshaller.html"
"MemoryPackagePart.html"
"MemoryPackagePartOutputStream.html"
"package-frame.html","package"
"package-summary.html","package"
"package-tree.html","package"
"package-use.html","package"
"PackagePropertiesPart.html"
"PartMarshaller.html"
"PartUnmarshaller.html"
"DigitalCertificatePart.html"
"DigitalSignatureOriginPart.html"
"DigitalCertificatePart.html"
"DigitalSignatureOriginPart.html"
"package-frame.html","package"
"package-summary.html","package"
"package-tree.html","package"
"package-use.html","package"
"PackagePropertiesUnmarshaller.html"
"UnmarshallContext.html"
"package-frame.html","package"
"package-summary.html","package"
"package-tree.html","package"
"package-use.html","package"
"PackagePropertiesUnmarshaller.html"
"UnmarshallContext.html"
"ZipContentTypeManager.html"
"ZipHelper.html"
"OPCPackage.html"
"package-frame.html","package"
"package-summary.html","package"
"package-tree.html","package"
"package-use.html","package"
"Package.html"
"PackageAccess.html"
"PackageNamespaces.html"
"PackagePart.html"
"PackagePartCollection.html"
"PackagePartName.html"
"PackageProperties.html"
"PackageRelationship.html"
"PackageRelationshipCollection.html"
"PackageRelationshipTypes.html"
"PackagingURIHelper.html"
"RelationshipSource.html"
"PackageDigitalSignature.html"
"PackageDigitalSignatureManager.html"
"package-frame.html","package"
"package-summary.html","package"
"package-tree.html","package"
"package-use.html","package"
"PackageDigitalSignature.html"
"PackageDigitalSignatureManager.html"
"StreamHelper.html"
"TargetMode.html"
"ZipPackage.html"
"ZipPackagePart.html"
"Nullable.html"
"ZipEntrySource.html"
"ZipFileZipEntrySource.html"
"ZipInputStreamZipEntrySource.FakeZipEntry.html"
"ZipInputStreamZipEntrySource.html"
"Nullable.html"
"package-frame.html","package"
"package-summary.html","package"
"package-tree.html","package"
"package-use.html","package"
"ZipEntrySource.html"
"ZipFileZipEntrySource.html"
"ZipInputStreamZipEntrySource.FakeZipEntry.html"
"ZipInputStreamZipEntrySource.html"
"package-frame.html","package"
"package-summary.html","package"
"package-tree.html","package"
"package-use.html","package"
"POIDocument.html"
"POIFSBigBlockSize.html"
"POIFSConstants.html"
"package-frame.html","package"
"package-summary.html","package"
"package-tree.html","package"
"package-use.html","package"
"POIFSBigBlockSize.html"
"POIFSConstants.html"
"AgileDecryptor.html"
"AgileDecryptor.html"
"Decryptor.html"
"EcmaDecryptor.html"
"EncryptionHeader.html"
"EncryptionInfo.html"
"EncryptionVerifier.html"
"Decryptor.html"
"EcmaDecryptor.html"
"EncryptionHeader.html"
"EncryptionInfo.html"
"EncryptionVerifier.html"
"package-frame.html","package"
"package-summary.html","package"
"package-tree.html","package"
"package-use.html","package"
"POIFSDump.html"
"POIFSHeaderDumper.html"
"POIFSLister.html"
"POIFSViewable.html"
"POIFSViewEngine.html"
"POIFSViewer.html"
"package-frame.html","package"
"package-summary.html","package"
"package-tree.html","package"
"package-use.html","package"
"POIFSDump.html"
"POIFSHeaderDumper.html"
"POIFSLister.html"
"POIFSViewable.html"
"POIFSViewEngine.html"
"POIFSViewer.html"
"POIFSReader.html"
"POIFSReaderEvent.html"
"POIFSReaderListener.html"
"package-frame.html","package"
"package-summary.html","package"
"package-tree.html","package"
"package-use.html","package"
"POIFSReader.html"
"POIFSReaderEvent.html"
"POIFSReaderListener.html"
"BATManaged.html"
"BlockStore.ChainLoopDetector.html"
"BlockStore.html"
"BATManaged.html"
"BlockStore.ChainLoopDetector.html"
"BlockStore.html"
"DirectoryEntry.html"
"DirectoryNode.html"
"DocumentDescriptor.html"
"DocumentEntry.html"
"DocumentInputStream.html"
"DocumentNode.html"
"DocumentOutputStream.html"
"Entry.html"
"EntryNode.html"
"EntryUtils.html"
"FilteringDirectoryNode.html"
"NDocumentInputStream.html"
"NPOIFSDocument.html"
"NPOIFSFileSystem.html"
"NPOIFSMiniStore.html"
"NPOIFSStream.html"
"NPOIFSStream.StreamBlockByteBufferIterator.html"
"ODocumentInputStream.html"
"OfficeXmlFileException.html"
"Ole10Native.html"
"Ole10NativeException.html"
"POIFSDocument.html"
"POIFSDocumentPath.html"
"POIFSFileSystem.html"
"POIFSWriterEvent.html"
"POIFSWriterListener.html"
"DirectoryEntry.html"
"DirectoryNode.html"
"DocumentDescriptor.html"
"DocumentEntry.html"
"DocumentInputStream.html"
"DocumentNode.html"
"DocumentOutputStream.html"
"Entry.html"
"EntryNode.html"
"EntryUtils.html"
"FilteringDirectoryNode.html"
"NDocumentInputStream.html"
"NPOIFSDocument.html"
"NPOIFSFileSystem.html"
"NPOIFSMiniStore.html"
"NPOIFSStream.html"
"NPOIFSStream.StreamBlockByteBufferIterator.html"
"ODocumentInputStream.html"
"OfficeXmlFileException.html"
"Ole10Native.html"
"Ole10NativeException.html"
"package-frame.html","package"
"package-summary.html","package"
"package-tree.html","package"
"package-use.html","package"
"POIFSDocument.html"
"POIFSDocumentPath.html"
"POIFSFileSystem.html"
"POIFSWriterEvent.html"
"POIFSWriterListener.html"
"ByteArrayBackedDataSource.html"
"ByteArrayBackedDataSource.html"
"DataSource.html"
"FileBackedDataSource.html"
"DataSource.html"
"FileBackedDataSource.html"
"package-frame.html","package"
"package-summary.html","package"
"package-tree.html","package"
"package-use.html","package"
"Child.html"
"Child.html"
"DirectoryProperty.html"
"DirectoryProperty.PropertyComparator.html"
"DocumentProperty.html"
"NPropertyTable.html"
"Parent.html"
"Property.html"
"PropertyConstants.html"
"PropertyTable.html"
"PropertyTableBase.html"
"RootProperty.html"
"DirectoryProperty.html"
"DirectoryProperty.PropertyComparator.html"
"DocumentProperty.html"
"NPropertyTable.html"
"package-frame.html","package"
"package-summary.html","package"
"package-tree.html","package"
"package-use.html","package"
"Parent.html"
"Property.html"
"PropertyConstants.html"
"PropertyTable.html"
"PropertyTableBase.html"
"RootProperty.html"
"BATBlock.BATBlockAndIndex.html"
"BATBlock.html"
"BlockAllocationTableReader.html"
"BlockAllocationTableWriter.html"
"BlockList.html"
"BlockWritable.html"
"BATBlock.BATBlockAndIndex.html"
"BATBlock.html"
"BlockAllocationTableReader.html"
"BlockAllocationTableWriter.html"
"BlockList.html"
"BlockWritable.html"
"DataInputBlock.html"
"DocumentBlock.html"
"HeaderBlock.html"
"HeaderBlockConstants.html"
"HeaderBlockWriter.html"
"ListManagedBlock.html"
"PropertyBlock.html"
"RawDataBlock.html"
"RawDataBlockList.html"
"SmallBlockTableReader.html"
"SmallBlockTableWriter.html"
"SmallDocumentBlock.html"
"SmallDocumentBlockList.html"
"DataInputBlock.html"
"DocumentBlock.html"
"HeaderBlock.html"
"HeaderBlockConstants.html"
"HeaderBlockWriter.html"
"ListManagedBlock.html"
"package-frame.html","package"
"package-summary.html","package"
"package-tree.html","package"
"package-use.html","package"
"PropertyBlock.html"
"RawDataBlock.html"
"RawDataBlockList.html"
"SmallBlockTableReader.html"
"SmallBlockTableWriter.html"
"SmallDocumentBlock.html"
"SmallDocumentBlockList.html"
"POIOLE2TextExtractor.html"
"POITextExtractor.html"
"POIXMLDocument.html"
"POIXMLDocumentPart.html"
"POIXMLException.html"
"POIXMLFactory.html"
"POIXMLProperties.CoreProperties.html"
"POIXMLProperties.CustomProperties.html"
"POIXMLProperties.ExtendedProperties.html"
"POIXMLProperties.html"
"POIXMLPropertiesTextExtractor.html"
"POIXMLRelation.html"
"POIXMLTextExtractor.html"
"AutoShape.html"
"Background.html"
"AutoShape.html"
"Background.html"
"Fill.html"
"FontCollection.html"
"Hyperlink.html"
"Line.html"
"LineStyle.html"
"MasterSheet.html"
"Notes.html"
"Picture.html"
"PictureData.html"
"Resources.html"
"Shape.html"
"ShapeContainer.html"
"ShapeGroup.html"
"ShapeTypes.html"
"Sheet.html"
"SimpleShape.html"
"Slide.html"
"SlideShow.html"
"TextBox.html"
"TextRun.html"
"Fill.html"
"FontCollection.html"
"Hyperlink.html"
"Line.html"
"LineStyle.html"
"MasterSheet.html"
"Notes.html"
"package-frame.html","package"
"package-summary.html","package"
"package-tree.html","package"
"package-use.html","package"
"Picture.html"
"PictureData.html"
"Resources.html"
"Shape.html"
"ShapeContainer.html"
"ShapeGroup.html"
"ShapeTypes.html"
"Sheet.html"
"SimpleShape.html"
"Slide.html"
"SlideShow.html"
"TextBox.html"
"TextRun.html"
"SpreadsheetVersion.html"
"ExcelExtractor.html"
"ExcelExtractor.html"
"package-frame.html","package"
"package-summary.html","package"
"package-tree.html","package"
"package-use.html","package"
"CellDateFormatter.html"
"CellElapsedFormatter.html"
"CellFormat.html"
"CellFormatCondition.html"
"CellFormatPart.html"
"CellFormatResult.html"
"CellFormatter.html"
"CellFormatType.html"
"CellGeneralFormatter.html"
"CellNumberFormatter.html"
"CellTextFormatter.html"
"CellDateFormatter.html"
"CellElapsedFormatter.html"
"CellFormat.html"
"CellFormatCondition.html"
"CellFormatPart.html"
"CellFormatResult.html"
"CellFormatter.html"
"CellFormatType.html"
"CellGeneralFormatter.html"
"CellNumberFormatter.html"
"CellTextFormatter.html"
"package-frame.html","package"
"package-summary.html","package"
"package-tree.html","package"
"package-use.html","package"
"AnalysisToolPak.html"
"AnalysisToolPak.html"
"DateParser.html"
"WorkdayCalculator.html"
"DateParser.html"
"package-frame.html","package"
"package-summary.html","package"
"package-tree.html","package"
"package-use.html","package"
"WorkdayCalculator.html"
"CollaboratingWorkbooksEnvironment.html"
"CollaboratingWorkbooksEnvironment.WorkbookNotFoundException.html"
"EvaluationCell.html"
"EvaluationName.html"
"EvaluationSheet.html"
"EvaluationWorkbook.ExternalName.html"
"EvaluationWorkbook.ExternalSheet.html"
"EvaluationWorkbook.html"
"ExternSheetReferenceToken.html"
"Formula.html"
"FormulaParseException.html"
"FormulaParser.html"
"FormulaParsingWorkbook.html"
"FormulaRenderer.html"
"FormulaRenderingWorkbook.html"
"FormulaShifter.html"
"FormulaType.html"
"IStabilityClassifier.html"
"OperationEvaluationContext.html"
"SharedFormula.html"
"SheetNameFormatter.html"
"TwoDEval.html"
"WorkbookDependentFormula.html"
"WorkbookEvaluator.html"
"CollaboratingWorkbooksEnvironment.html"
"CollaboratingWorkbooksEnvironment.WorkbookNotFoundException.html"
"ConstantValueParser.html"
"ErrorConstant.html"
"ConstantValueParser.html"
"ErrorConstant.html"
"package-frame.html","package"
"package-summary.html","package"
"package-tree.html","package"
"package-use.html","package"
"AreaEval.html"
"AreaEvalBase.html"
"BlankEval.html"
"BoolEval.html"
"AreaEval.html"
"AreaEvalBase.html"
"BlankEval.html"
"BoolEval.html"
"ConcatEval.html"
"ErrorEval.html"
"EvaluationException.html"
"FunctionEval.html"
"IntersectionEval.html"
"MissingArgEval.html"
"NameEval.html"
"NameXEval.html"
"NotImplementedException.html"
"NumberEval.html"
"NumericValueEval.html"
"OperandResolver.html"
"PercentEval.html"
"RangeEval.html"
"RefEval.html"
"RefEvalBase.html"
"RelationalOperationEval.html"
"StringEval.html"
"StringValueEval.html"
"TwoOperandNumericOperation.html"
"UnaryMinusEval.html"
"UnaryPlusEval.html"
"ValueEval.html"
"ConcatEval.html"
"ErrorEval.html"
"EvaluationException.html"
"ForkedEvaluator.html"
"ForkedEvaluator.html"
"package-frame.html","package"
"package-summary.html","package"
"package-tree.html","package"
"package-use.html","package"
"FunctionEval.html"
"IntersectionEval.html"
"MissingArgEval.html"
"NameEval.html"
"NameXEval.html"
"NotImplementedException.html"
"NumberEval.html"
"NumericValueEval.html"
"OperandResolver.html"
"package-frame.html","package"
"package-summary.html","package"
"package-tree.html","package"
"package-use.html","package"
"PercentEval.html"
"RangeEval.html"
"RefEval.html"
"RefEvalBase.html"
"RelationalOperationEval.html"
"StringEval.html"
"StringValueEval.html"
"TwoOperandNumericOperation.html"
"UnaryMinusEval.html"
"UnaryPlusEval.html"
"ValueEval.html"
"EvaluationCell.html"
"EvaluationName.html"
"EvaluationSheet.html"
"EvaluationWorkbook.ExternalName.html"
"EvaluationWorkbook.ExternalSheet.html"
"EvaluationWorkbook.html"
"ExternSheetReferenceToken.html"
"Formula.html"
"FormulaParseException.html"
"FormulaParser.html"
"FormulaParsingWorkbook.html"
"FormulaRenderer.html"
"FormulaRenderingWorkbook.html"
"FormulaShifter.html"
"FormulaType.html"
"FunctionMetadata.html"
"FunctionMetadataRegistry.html"
"FunctionMetadata.html"
"FunctionMetadataRegistry.html"
"package-frame.html","package"
"package-summary.html","package"
"package-tree.html","package"
"package-use.html","package"
"Address.html"
"AggregateFunction.html"
"BooleanFunction.html"
"CalendarFieldFunction.html"
"Choose.html"
"Address.html"
"AggregateFunction.html"
"BooleanFunction.html"
"CalendarFieldFunction.html"
"Choose.html"
"Column.html"
"Columns.html"
"Count.html"
"Counta.html"
"Countblank.html"
"Countif.html"
"DateFunc.html"
"Days360.html"
"Errortype.html"
"Even.html"
"FinanceFunction.html"
"FinanceLib.html"
"Fixed0ArgFunction.html"
"Fixed1ArgFunction.html"
"Fixed2ArgFunction.html"
"Fixed3ArgFunction.html"
"Fixed4ArgFunction.html"
"FreeRefFunction.html"
"Function.html"
"Function0Arg.html"
"Function1Arg.html"
"Function2Arg.html"
"Function3Arg.html"
"Function4Arg.html"
"Hlookup.html"
"Hyperlink.html"
"IfFunc.html"
"Index.html"
"Indirect.html"
"Irr.html"
"LogicalFunction.html"
"Lookup.html"
"Match.html"
"MinaMaxa.html"
"Mode.html"
"MultiOperandNumericFunction.html"
"Na.html"
"NotImplementedFunction.html"
"Now.html"
"Npv.html"
"NumericFunction.html"
"NumericFunction.OneArg.html"
"NumericFunction.TwoArg.html"
"Odd.html"
"Offset.html"
"Rank.html"
"Rate.html"
"Replace.html"
"RowFunc.html"
"Rows.html"
"Substitute.html"
"Subtotal.html"
"Sumif.html"
"Sumifs.html"
"Sumproduct.html"
"Sumx2my2.html"
"Sumx2py2.html"
"Sumxmy2.html"
"T.html"
"TextFunction.html"
"TimeFunc.html"
"Today.html"
"Value.html"
"Vlookup.html"
"WeekdayFunc.html"
"XYNumericFunction.Accumulator.html"
"XYNumericFunction.html"
"Column.html"
"Columns.html"
"Count.html"
"Counta.html"
"Countblank.html"
"Countif.html"
"DateFunc.html"
"Days360.html"
"Errortype.html"
"Even.html"
"FinanceFunction.html"
"FinanceLib.html"
"Fixed0ArgFunction.html"
"Fixed1ArgFunction.html"
"Fixed2ArgFunction.html"
"Fixed3ArgFunction.html"
"Fixed4ArgFunction.html"
"FreeRefFunction.html"
"Function.html"
"Function0Arg.html"
"Function1Arg.html"
"Function2Arg.html"
"Function3Arg.html"
"Function4Arg.html"
"Hlookup.html"
"Hyperlink.html"
"IfFunc.html"
"Index.html"
"Indirect.html"
"Irr.html"
"LogicalFunction.html"
"Lookup.html"
"Match.html"
"MinaMaxa.html"
"Mode.html"
"MultiOperandNumericFunction.html"
"Na.html"
"NotImplementedFunction.html"
"Now.html"
"Npv.html"
"NumericFunction.html"
"NumericFunction.OneArg.html"
"NumericFunction.TwoArg.html"
"Odd.html"
"Offset.html"
"package-frame.html","package"
"package-summary.html","package"
"package-tree.html","package"
"package-use.html","package"
"Rank.html"
"Rate.html"
"Replace.html"
"RowFunc.html"
"Rows.html"
"Substitute.html"
"Subtotal.html"
"Sumif.html"
"Sumifs.html"
"Sumproduct.html"
"Sumx2my2.html"
"Sumx2py2.html"
"Sumxmy2.html"
"T.html"
"TextFunction.html"
"TimeFunc.html"
"Today.html"
"Value.html"
"Vlookup.html"
"WeekdayFunc.html"
"XYNumericFunction.Accumulator.html"
"XYNumericFunction.html"
"IStabilityClassifier.html"
"OperationEvaluationContext.html"
"package-frame.html","package"
"package-summary.html","package"
"package-tree.html","package"
"package-use.html","package"
"AbstractFunctionPtg.html"
"AddPtg.html"
"Area2DPtgBase.html"
"Area3DPtg.html"
"AreaErrPtg.html"
"AreaI.html"
"AreaI.OffsetArea.html"
"AreaNPtg.html"
"AreaPtg.html"
"AreaPtgBase.html"
"ArrayPtg.html"
"AttrPtg.html"
"AttrPtg.SpaceType.html"
"BoolPtg.html"
"AbstractFunctionPtg.html"
"AddPtg.html"
"Area2DPtgBase.html"
"Area3DPtg.html"
"AreaErrPtg.html"
"AreaI.html"
"AreaI.OffsetArea.html"
"AreaNPtg.html"
"AreaPtg.html"
"AreaPtgBase.html"
"ArrayPtg.html"
"AttrPtg.html"
"AttrPtg.SpaceType.html"
"BoolPtg.html"
"ConcatPtg.html"
"ControlPtg.html"
"DeletedArea3DPtg.html"
"DeletedRef3DPtg.html"
"DividePtg.html"
"EqualPtg.html"
"ErrPtg.html"
"ExpPtg.html"
"FuncPtg.html"
"FuncVarPtg.html"
"GreaterEqualPtg.html"
"GreaterThanPtg.html"
"IntersectionPtg.html"
"IntPtg.html"
"LessEqualPtg.html"
"LessThanPtg.html"
"MemAreaPtg.html"
"MemErrPtg.html"
"MemFuncPtg.html"
"MissingArgPtg.html"
"MultiplyPtg.html"
"NamePtg.html"
"NameXPtg.html"
"NotEqualPtg.html"
"NumberPtg.html"
"OperandPtg.html"
"OperationPtg.html"
"ParenthesisPtg.html"
"PercentPtg.html"
"PowerPtg.html"
"Ptg.html"
"RangePtg.html"
"Ref3DPtg.html"
"RefErrorPtg.html"
"RefNPtg.html"
"RefPtg.html"
"RefPtgBase.html"
"ScalarConstantPtg.html"
"StringPtg.html"
"SubtractPtg.html"
"TblPtg.html"
"UnaryMinusPtg.html"
"UnaryPlusPtg.html"
"UnionPtg.html"
"UnknownPtg.html"
"ValueOperatorPtg.html"
"ConcatPtg.html"
"ControlPtg.html"
"DeletedArea3DPtg.html"
"DeletedRef3DPtg.html"
"DividePtg.html"
"EqualPtg.html"
"ErrPtg.html"
"ExpPtg.html"
"FuncPtg.html"
"FuncVarPtg.html"
"GreaterEqualPtg.html"
"GreaterThanPtg.html"
"IntersectionPtg.html"
"IntPtg.html"
"LessEqualPtg.html"
"LessThanPtg.html"
"MemAreaPtg.html"
"MemErrPtg.html"
"MemFuncPtg.html"
"MissingArgPtg.html"
"MultiplyPtg.html"
"NamePtg.html"
"NameXPtg.html"
"NotEqualPtg.html"
"NumberPtg.html"
"OperandPtg.html"
"OperationPtg.html"
"package-frame.html","package"
"package-summary.html","package"
"package-tree.html","package"
"package-use.html","package"
"ParenthesisPtg.html"
"PercentPtg.html"
"PowerPtg.html"
"Ptg.html"
"RangePtg.html"
"Ref3DPtg.html"
"RefErrorPtg.html"
"RefNPtg.html"
"RefPtg.html"
"RefPtgBase.html"
"ScalarConstantPtg.html"
"StringPtg.html"
"SubtractPtg.html"
"TblPtg.html"
"UnaryMinusPtg.html"
"UnaryPlusPtg.html"
"UnionPtg.html"
"UnknownPtg.html"
"ValueOperatorPtg.html"
"SharedFormula.html"
"SheetNameFormatter.html"
"TwoDEval.html"
"AggregatingUDFFinder.html"
"AggregatingUDFFinder.html"
"DefaultUDFFinder.html"
"UDFFinder.html"
"DefaultUDFFinder.html"
"package-frame.html","package"
"package-summary.html","package"
"package-tree.html","package"
"package-use.html","package"
"UDFFinder.html"
"WorkbookDependentFormula.html"
"WorkbookEvaluator.html"
"package-frame.html","package"
"package-summary.html","package"
"package-tree.html","package"
"package-use.html","package"
"SpreadsheetVersion.html"
"AutoFilter.html"
"BorderFormatting.html"
"BorderStyle.html"
"BuiltinFormats.html"
"Cell.html"
"CellRange.html"
"CellStyle.html"
"CellValue.html"
"Chart.html"
"AxisCrossBetween.html"
"AxisCrosses.html"
"AxisOrientation.html"
"AxisPosition.html"
"ChartAxis.html"
"ChartAxisFactory.html"
"ChartData.html"
"ChartDataFactory.html"
"ChartDataSource.html"
"ChartLegend.html"
"AxisCrossBetween.html"
"AxisCrosses.html"
"AxisOrientation.html"
"AxisPosition.html"
"ChartAxis.html"
"ChartAxisFactory.html"
"ChartData.html"
"ChartDataFactory.html"
"ChartDataSource.html"
"ChartLegend.html"
"DataSources.html"
"LayoutMode.html"
"LayoutTarget.html"
"LegendPosition.html"
"ManualLayout.html"
"ManuallyPositionable.html"
"ScatterChartData.html"
"ScatterChartSerie.html"
"ValueAxis.html"
"DataSources.html"
"LayoutMode.html"
"LayoutTarget.html"
"LegendPosition.html"
"ManualLayout.html"
"ManuallyPositionable.html"
"package-frame.html","package"
"package-summary.html","package"
"package-tree.html","package"
"package-use.html","package"
"ScatterChartData.html"
"ScatterChartSerie.html"
"ValueAxis.html"
"AutoFilter.html"
"BorderFormatting.html"
"BorderStyle.html"
"BuiltinFormats.html"
"Cell.html"
"CellRange.html"
"CellStyle.html"
"CellValue.html"
"Chart.html"
"ClientAnchor.html"
"Color.html"
"Comment.html"
"ComparisonOperator.html"
"ConditionalFormatting.html"
"ConditionalFormattingRule.html"
"CreationHelper.html"
"DataFormat.html"
"DataFormatter.html"
"DataValidation.ErrorStyle.html"
"DataValidation.html"
"DataValidationConstraint.html"
"DataValidationConstraint.OperatorType.html"
"DataValidationConstraint.ValidationType.html"
"DataValidationHelper.html"
"DateUtil.html"
"Drawing.html"
"ErrorConstants.html"
"ExcelStyleDateFormatter.html"
"FillPatternType.html"
"Font.html"
"FontCharset.html"
"FontFamily.html"
"FontFormatting.html"
"FontScheme.html"
"FontUnderline.html"
"Footer.html"
"FormulaError.html"
"FormulaEvaluator.html"
"Header.html"
"HeaderFooter.html"
"HorizontalAlignment.html"
"Hyperlink.html"
"IndexedColors.html"
"Name.html"
"PageOrder.html"
"PaperSize.html"
"PatternFormatting.html"
"Picture.html"
"PictureData.html"
"PrintCellComments.html"
"PrintOrientation.html"
"PrintSetup.html"
"RichTextString.html"
"Row.html"
"Row.MissingCellPolicy.html"
"ShapeTypes.html"
"Sheet.html"
"SheetConditionalFormatting.html"
"Textbox.html"
"VerticalAlignment.html"
"Workbook.html"
"WorkbookFactory.html"
"ClientAnchor.html"
"Color.html"
"Comment.html"
"ComparisonOperator.html"
"ConditionalFormatting.html"
"ConditionalFormattingRule.html"
"CreationHelper.html"
"DataFormat.html"
"DataFormatter.html"
"DataValidation.ErrorStyle.html"
"DataValidation.html"
"DataValidationConstraint.html"
"DataValidationConstraint.OperatorType.html"
"DataValidationConstraint.ValidationType.html"
"DataValidationHelper.html"
"DateUtil.html"
"Drawing.html"
"ErrorConstants.html"
"ExcelStyleDateFormatter.html"
"FillPatternType.html"
"Font.html"
"FontCharset.html"
"FontFamily.html"
"FontFormatting.html"
"FontScheme.html"
"FontUnderline.html"
"Footer.html"
"FormulaError.html"
"FormulaEvaluator.html"
"Header.html"
"HeaderFooter.html"
"HorizontalAlignment.html"
"Hyperlink.html"
"IndexedColors.html"
"Name.html"
"package-frame.html","package"
"package-summary.html","package"
"package-tree.html","package"
"package-use.html","package"
"PageOrder.html"
"PaperSize.html"
"PatternFormatting.html"
"Picture.html"
"PictureData.html"
"PrintCellComments.html"
"PrintOrientation.html"
"PrintSetup.html"
"RichTextString.html"
"Row.html"
"Row.MissingCellPolicy.html"
"ShapeTypes.html"
"Sheet.html"
"SheetConditionalFormatting.html"
"Textbox.html"
"VerticalAlignment.html"
"Workbook.html"
"WorkbookFactory.html"
"AreaReference.html"
"CellRangeAddress.html"
"CellRangeAddressBase.html"
"CellRangeAddressList.html"
"CellReference.html"
"CellReference.NameType.html"
"CellUtil.html"
"CellHandler.html"
"CellWalk.html"
"CellWalkContext.html"
"CellHandler.html"
"CellWalk.html"
"CellWalkContext.html"
"package-frame.html","package"
"package-summary.html","package"
"package-tree.html","package"
"package-use.html","package"
"AreaReference.html"
"CellRangeAddress.html"
"CellRangeAddressBase.html"
"CellRangeAddressList.html"
"CellReference.html"
"CellReference.NameType.html"
"CellUtil.html"
"DateFormatConverter.DateFormatTokenizer.html"
"DateFormatConverter.html"
"ImageUtils.html"
"NumberComparer.html"
"NumberToTextConverter.html"
"Region.html"
"RegionUtil.html"
"SheetBuilder.html"
"SheetReferences.html"
"SheetUtil.html"
"SSCellRange.html"
"WorkbookUtil.html"
"DateFormatConverter.DateFormatTokenizer.html"
"DateFormatConverter.html"
"ImageUtils.html"
"NumberComparer.html"
"NumberToTextConverter.html"
"package-frame.html","package"
"package-summary.html","package"
"package-tree.html","package"
"package-use.html","package"
"Region.html"
"RegionUtil.html"
"SheetBuilder.html"
"SheetReferences.html"
"SheetUtil.html"
"SSCellRange.html"
"WorkbookUtil.html"
"ArrayUtil.html"
"Beta.html"
"BinaryTree.html"
"BitField.html"
"BitFieldFactory.html"
"BlockingInputStream.html"
"BoundedInputStream.html"
"ByteField.html"
"ArrayUtil.html"
"Beta.html"
"BinaryTree.html"
"BitField.html"
"BitFieldFactory.html"
"BlockingInputStream.html"
"BoundedInputStream.html"
"ByteField.html"
"CloseIgnoringInputStream.html"
"CommonsLogger.html"
"DelayableLittleEndianOutput.html"
"DrawingDump.html"
"FixedField.html"
"FontMetricsDumper.html"
"HexDump.html"
"HexRead.html"
"IdentifierManager.html"
"IntegerField.html"
"Internal.html"
"IntList.html"
"IntMapper.html"
"IOUtils.html"
"LittleEndian.BufferUnderrunException.html"
"LittleEndian.html"
"LittleEndianByteArrayInputStream.html"
"LittleEndianByteArrayOutputStream.html"
"LittleEndianConsts.html"
"LittleEndianInput.html"
"LittleEndianInputStream.html"
"LittleEndianOutput.html"
"LittleEndianOutputStream.html"
"LongField.html"
"LZWDecompresser.html"
"NullLogger.html"
"OOXMLLite.html"
"PackageHelper.html"
"PngUtils.html"
"POILogFactory.html"
"POILogger.html"
"RecordFormatException.html"
"ShortField.html"
"ShortList.html"
"StringUtil.html"
"StringUtil.StringsIterator.html"
"SystemOutLogger.html"
"TempFile.html"
"Units.html"
"CloseIgnoringInputStream.html"
"CommonsLogger.html"
"DelayableLittleEndianOutput.html"
"DrawingDump.html"
"FixedField.html"
"FontMetricsDumper.html"
"HexDump.html"
"HexRead.html"
"IdentifierManager.html"
"IntegerField.html"
"Internal.html"
"IntList.html"
"IntMapper.html"
"IOUtils.html"
"LittleEndian.BufferUnderrunException.html"
"LittleEndian.html"
"LittleEndianByteArrayInputStream.html"
"LittleEndianByteArrayOutputStream.html"
"LittleEndianConsts.html"
"LittleEndianInput.html"
"LittleEndianInputStream.html"
"LittleEndianOutput.html"
"LittleEndianOutputStream.html"
"LongField.html"
"LZWDecompresser.html"
"NullLogger.html"
"OOXMLLite.html"
"package-frame.html","package"
"package-summary.html","package"
"package-tree.html","package"
"package-use.html","package"
"PackageHelper.html"
"PngUtils.html"
"POILogFactory.html"
"POILogger.html"
"RecordFormatException.html"
"ShortField.html"
"ShortList.html"
"StringUtil.html"
"StringUtil.StringsIterator.html"
"SystemOutLogger.html"
"TempFile.html"
"Units.html"
"XSLFSlideShow.html"
"XSLFPowerPointExtractor.html"
"package-frame.html","package"
"package-summary.html","package"
"package-tree.html","package"
"package-use.html","package"
"XSLFPowerPointExtractor.html"
"CharacterPropertyFetcher.html"
"CharacterPropertyFetcher.html"
"ParagraphPropertyFetcher.html"
"PropertyFetcher.html"
"TextBodyPropertyFetcher.html"
"AbsExpression.html"
"AddDivideExpression.html"
"AddSubtractExpression.html"
"AdjustValue.html"
"ArcTanExpression.html"
"ArcToCommand.html"
"AbsExpression.html"
"AddDivideExpression.html"
"AddSubtractExpression.html"
"AdjustValue.html"
"ArcTanExpression.html"
"ArcToCommand.html"
"ClosePathCommand.html"
"Context.html"
"CosExpression.html"
"CosineArcTanExpression.html"
"CurveToCommand.html"
"CustomGeometry.html"
"Expression.html"
"ExpressionParser.html"
"Formula.html"
"Guide.html"
"IAdjustableShape.html"
"IfElseExpression.html"
"LineToCommand.html"
"LiteralValueExpression.html"
"MaxExpression.html"
"MinExpression.html"
"ModExpression.html"
"MoveToCommand.html"
"MultiplyDivideExpression.html"
"Outline.html"
"Path.html"
"PathCommand.html"
"PinExpression.html"
"PresetGeometries.html"
"QuadToCommand.html"
"SinArcTanExpression.html"
"SinExpression.html"
"SqrtExpression.html"
"TanExpression.html"
"ClosePathCommand.html"
"Context.html"
"CosExpression.html"
"CosineArcTanExpression.html"
"CurveToCommand.html"
"CustomGeometry.html"
"Expression.html"
"ExpressionParser.html"
"Formula.html"
"Guide.html"
"IAdjustableShape.html"
"IfElseExpression.html"
"LineToCommand.html"
"LiteralValueExpression.html"
"MaxExpression.html"
"MinExpression.html"
"ModExpression.html"
"MoveToCommand.html"
"MultiplyDivideExpression.html"
"Outline.html"
"package-frame.html","package"
"package-summary.html","package"
"package-tree.html","package"
"package-use.html","package"
"Path.html"
"PathCommand.html"
"PinExpression.html"
"PresetGeometries.html"
"QuadToCommand.html"
"SinArcTanExpression.html"
"SinExpression.html"
"SqrtExpression.html"
"TanExpression.html"
"package-frame.html","package"
"package-summary.html","package"
"package-tree.html","package"
"package-use.html","package"
"ParagraphPropertyFetcher.html"
"PropertyFetcher.html"
"TextBodyPropertyFetcher.html"
"package-frame.html","package"
"package-summary.html","package"
"package-tree.html","package"
"package-use.html","package"
"DrawingParagraph.html"
"DrawingTable.html"
"DrawingTableCell.html"
"DrawingTableRow.html"
"DrawingTextBody.html"
"DrawingTextPlaceholder.html"
"LineCap.html"
"LineDash.html"
"LineDecoration.html"
"LineEndLength.html"
"LineEndWidth.html"
"ListAutoNumber.html"
"Placeholder.html"
"SlideLayout.html"
"TextAlign.html"
"TextAutofit.html"
"TextCap.html"
"TextDirection.html"
"VerticalAlignment.html"
"XMLSlideShow.html"
"XSLFAutoShape.html"
"XSLFBackground.html"
"XSLFChart.html"
"XSLFColor.html"
"XSLFCommentAuthors.html"
"XSLFComments.html"
"XSLFCommonSlideData.html"
"XSLFConnectorShape.html"
"XSLFDrawing.html"
"XSLFFactory.html"
"XSLFFontManager.html"
"XSLFFreeformShape.html"
"XSLFGraphicFrame.html"
"XSLFGroupShape.html"
"XSLFHyperlink.html"
"XSLFImageRenderer.html"
"XSLFNotes.html"
"XSLFNotesMaster.html"
"XSLFPictureData.html"
"XSLFPictureShape.html"
"XSLFRelation.html"
"XSLFRenderingHint.html"
"XSLFShadow.html"
"XSLFShape.html"
"XSLFShapeContainer.html"
"XSLFShapeType.html"
"XSLFSheet.html"
"XSLFSimpleShape.html"
"XSLFSlide.html"
"XSLFSlideLayout.html"
"XSLFSlideMaster.html"
"XSLFTable.html"
"XSLFTableCell.html"
"XSLFTableRow.html"
"XSLFTableStyle.html"
"XSLFTableStyles.html"
"XSLFTextBox.html"
"XSLFTextParagraph.html"
"XSLFTextRun.html"
"XSLFTextShape.html"
"XSLFTheme.html"
"DrawingParagraph.html"
"DrawingTable.html"
"DrawingTableCell.html"
"DrawingTableRow.html"
"DrawingTextBody.html"
"DrawingTextPlaceholder.html"
"LineCap.html"
"LineDash.html"
"LineDecoration.html"
"LineEndLength.html"
"LineEndWidth.html"
"ListAutoNumber.html"
"package-frame.html","package"
"package-summary.html","package"
"package-tree.html","package"
"package-use.html","package"
"Placeholder.html"
"SlideLayout.html"
"TextAlign.html"
"TextAutofit.html"
"TextCap.html"
"TextDirection.html"
"VerticalAlignment.html"
"XMLSlideShow.html"
"XSLFAutoShape.html"
"XSLFBackground.html"
"XSLFChart.html"
"XSLFColor.html"
"XSLFCommentAuthors.html"
"XSLFComments.html"
"XSLFCommonSlideData.html"
"XSLFConnectorShape.html"
"XSLFDrawing.html"
"XSLFFactory.html"
"XSLFFontManager.html"
"XSLFFreeformShape.html"
"XSLFGraphicFrame.html"
"XSLFGroupShape.html"
"XSLFHyperlink.html"
"XSLFImageRenderer.html"
"XSLFNotes.html"
"XSLFNotesMaster.html"
"XSLFPictureData.html"
"XSLFPictureShape.html"
"XSLFRelation.html"
"XSLFRenderingHint.html"
"XSLFShadow.html"
"XSLFShape.html"
"XSLFShapeContainer.html"
"XSLFShapeType.html"
"XSLFSheet.html"
"XSLFSimpleShape.html"
"XSLFSlide.html"
"XSLFSlideLayout.html"
"XSLFSlideMaster.html"
"XSLFTable.html"
"XSLFTableCell.html"
"XSLFTableRow.html"
"XSLFTableStyle.html"
"XSLFTableStyles.html"
"XSLFTextBox.html"
"XSLFTextParagraph.html"
"XSLFTextRun.html"
"XSLFTextShape.html"
"XSLFTheme.html"
"PPTX2PNG.html"
"package-frame.html","package"
"package-summary.html","package"
"package-tree.html","package"
"package-use.html","package"
"PPTX2PNG.html"
"XSLFSlideShow.html"
"XSSFDump.html"
"XSSFSave.html"
"package-frame.html","package"
"package-summary.html","package"
"package-tree.html","package"
"package-use.html","package"
"XSSFDump.html"
"XSSFSave.html"
"ReadOnlySharedStringsTable.html"
"XSSFReader.html"
"XSSFReader.SheetIterator.html"
"XSSFSheetXMLHandler.html"
"XSSFSheetXMLHandler.SheetContentsHandler.html"
"package-frame.html","package"
"package-summary.html","package"
"package-tree.html","package"
"package-use.html","package"
"ReadOnlySharedStringsTable.html"
"XSSFReader.html"
"XSSFReader.SheetIterator.html"
"XSSFSheetXMLHandler.html"
"XSSFSheetXMLHandler.SheetContentsHandler.html"
"XSSFEventBasedExcelExtractor.html"
"XSSFEventBasedExcelExtractor.SheetTextExtractor.html"
"XSSFExcelExtractor.html"
"XSSFExportToXml.html"
"XSSFImportFromXML.html"
"package-frame.html","package"
"package-summary.html","package"
"package-tree.html","package"
"package-use.html","package"
"XSSFEventBasedExcelExtractor.html"
"XSSFEventBasedExcelExtractor.SheetTextExtractor.html"
"XSSFExcelExtractor.html"
"XSSFExportToXml.html"
"XSSFImportFromXML.html"
"CalculationChain.html"
"CalculationChain.html"
"CommentsTable.html"
"IndexedUDFFinder.html"
"MapInfo.html"
"SharedStringsTable.html"
"SingleXmlCells.html"
"StylesTable.html"
"ThemesTable.html"
"CommentsTable.html"
"IndexedUDFFinder.html"
"MapInfo.html"
"package-frame.html","package"
"package-summary.html","package"
"package-tree.html","package"
"package-use.html","package"
"SharedStringsTable.html"
"SingleXmlCells.html"
"StylesTable.html"
"ThemesTable.html"
"GZIPSheetDataWriter.html"
"SheetDataWriter.html"
"SXSSFCell.html"
"SXSSFRow.CellIterator.html"
"SXSSFRow.FilledCellIterator.html"
"SXSSFRow.html"
"SXSSFSheet.html"
"SXSSFWorkbook.html"
"GZIPSheetDataWriter.html"
"package-frame.html","package"
"package-summary.html","package"
"package-tree.html","package"
"package-use.html","package"
"SheetDataWriter.html"
"SXSSFCell.html"
"SXSSFRow.CellIterator.html"
"SXSSFRow.FilledCellIterator.html"
"SXSSFRow.html"
"SXSSFSheet.html"
"SXSSFWorkbook.html"
"XSSFChartAxis.html"
"XSSFChartDataFactory.html"
"XSSFChartLegend.html"
"XSSFManualLayout.html"
"XSSFScatterChartData.html"
"XSSFValueAxis.html"
"package-frame.html","package"
"package-summary.html","package"
"package-tree.html","package"
"package-use.html","package"
"XSSFChartAxis.html"
"XSSFChartDataFactory.html"
"XSSFChartLegend.html"
"XSSFManualLayout.html"
"XSSFScatterChartData.html"
"XSSFValueAxis.html"
"XSSFAnchor.html"
"XSSFAutoFilter.html"
"XSSFBorderFormatting.html"
"XSSFCell.html"
"XSSFCellStyle.html"
"XSSFChart.html"
"XSSFChartSheet.html"
"XSSFChildAnchor.html"
"XSSFClientAnchor.html"
"XSSFColor.html"
"XSSFComment.html"
"XSSFConditionalFormatting.html"
"XSSFConditionalFormattingRule.html"
"XSSFConnector.html"
"XSSFCreationHelper.html"
"XSSFDataFormat.html"
"XSSFDataValidation.html"
"XSSFDataValidationConstraint.html"
"XSSFDataValidationHelper.html"
"XSSFDialogsheet.html"
"XSSFDrawing.html"
"XSSFEvaluationWorkbook.html"
"XSSFEvenFooter.html"
"XSSFEvenHeader.html"
"XSSFFactory.html"
"XSSFFirstFooter.html"
"XSSFFirstHeader.html"
"XSSFFont.html"
"XSSFFontFormatting.html"
"XSSFFormulaEvaluator.html"
"XSSFGraphicFrame.html"
"XSSFHyperlink.html"
"XSSFMap.html"
"XSSFName.html"
"XSSFOddFooter.html"
"XSSFOddHeader.html"
"XSSFPatternFormatting.html"
"XSSFPicture.html"
"XSSFPictureData.html"
"XSSFPrintSetup.html"
"XSSFRelation.html"
"XSSFRichTextString.html"
"XSSFRow.html"
"XSSFShape.html"
"XSSFShapeGroup.html"
"XSSFSheet.html"
"XSSFSheetConditionalFormatting.html"
"XSSFSimpleShape.html"
"XSSFTable.html"
"XSSFTextBox.html"
"XSSFVMLDrawing.html"
"XSSFWorkbook.html"
"XSSFCellAlignment.html"
"XSSFCellBorder.BorderSide.html"
"XSSFCellBorder.html"
"XSSFCellFill.html"
"XSSFHeaderFooter.html"
"package-frame.html","package"
"package-summary.html","package"
"package-tree.html","package"
"package-use.html","package"
"XSSFCellAlignment.html"
"XSSFCellBorder.BorderSide.html"
"XSSFCellBorder.html"
"XSSFCellFill.html"
"XSSFHeaderFooter.html"
"ColumnHelper.html"
"HeaderFooterHelper.html"
"XSSFFormulaUtils.html"
"XSSFRowShifter.html"
"XSSFSingleXmlCell.html"
"XSSFXmlColumnPr.html"
"ColumnHelper.html"
"HeaderFooterHelper.html"
"package-frame.html","package"
"package-summary.html","package"
"package-tree.html","package"
"package-use.html","package"
"XSSFFormulaUtils.html"
"XSSFRowShifter.html"
"XSSFSingleXmlCell.html"
"XSSFXmlColumnPr.html"
"package-frame.html","package"
"package-summary.html","package"
"package-tree.html","package"
"package-use.html","package"
"XSSFAnchor.html"
"XSSFAutoFilter.html"
"XSSFBorderFormatting.html"
"XSSFCell.html"
"XSSFCellStyle.html"
"XSSFChart.html"
"XSSFChartSheet.html"
"XSSFChildAnchor.html"
"XSSFClientAnchor.html"
"XSSFColor.html"
"XSSFComment.html"
"XSSFConditionalFormatting.html"
"XSSFConditionalFormattingRule.html"
"XSSFConnector.html"
"XSSFCreationHelper.html"
"XSSFDataFormat.html"
"XSSFDataValidation.html"
"XSSFDataValidationConstraint.html"
"XSSFDataValidationHelper.html"
"XSSFDialogsheet.html"
"XSSFDrawing.html"
"XSSFEvaluationWorkbook.html"
"XSSFEvenFooter.html"
"XSSFEvenHeader.html"
"XSSFFactory.html"
"XSSFFirstFooter.html"
"XSSFFirstHeader.html"
"XSSFFont.html"
"XSSFFontFormatting.html"
"XSSFFormulaEvaluator.html"
"XSSFGraphicFrame.html"
"XSSFHyperlink.html"
"XSSFMap.html"
"XSSFName.html"
"XSSFOddFooter.html"
"XSSFOddHeader.html"
"XSSFPatternFormatting.html"
"XSSFPicture.html"
"XSSFPictureData.html"
"XSSFPrintSetup.html"
"XSSFRelation.html"
"XSSFRichTextString.html"
"XSSFRow.html"
"XSSFShape.html"
"XSSFShapeGroup.html"
"XSSFSheet.html"
"XSSFSheetConditionalFormatting.html"
"XSSFSimpleShape.html"
"XSSFTable.html"
"XSSFTextBox.html"
"XSSFVMLDrawing.html"
"XSSFWorkbook.html"
"CTColComparator.html"
"EvilUnclosedBRFixingInputStream.html"
"NumericRanges.html"
"CTColComparator.html"
"EvilUnclosedBRFixingInputStream.html"
"NumericRanges.html"
"package-frame.html","package"
"package-summary.html","package"
"package-tree.html","package"
"package-use.html","package"
"XWPFWordExtractor.html"
"package-frame.html","package"
"package-summary.html","package"
"package-tree.html","package"
"package-use.html","package"
"XWPFWordExtractor.html"
"XMLParagraph.html"
"XWPFCommentsDecorator.html"
"XWPFHeaderFooterPolicy.html"
"XWPFHyperlinkDecorator.html"
"XWPFParagraphDecorator.html"
"package-frame.html","package"
"package-summary.html","package"
"package-tree.html","package"
"package-use.html","package"
"XMLParagraph.html"
"XWPFCommentsDecorator.html"
"XWPFHeaderFooterPolicy.html"
"XWPFHyperlinkDecorator.html"
"XWPFParagraphDecorator.html"
"BodyElementType.html"
"BodyType.html"
"Borders.html"
"BreakClear.html"
"BreakType.html"
"BodyElementType.html"
"BodyType.html"
"Borders.html"
"BreakClear.html"
"BreakType.html"
"Document.html"
"IBody.html"
"IBodyElement.html"
"LineSpacingRule.html"
"ParagraphAlignment.html"
"PositionInParagraph.html"
"TextAlignment.html"
"TextSegement.html"
"TOC.html"
"UnderlinePatterns.html"
"VerticalAlign.html"
"XWPFAbstractNum.html"
"XWPFComment.html"
"XWPFDocument.html"
"XWPFFactory.html"
"XWPFFooter.html"
"XWPFFootnote.html"
"XWPFFootnotes.html"
"XWPFHeader.html"
"XWPFHeaderFooter.html"
"XWPFHyperlink.html"
"XWPFHyperlinkRun.html"
"XWPFLatentStyles.html"
"XWPFNum.html"
"XWPFNumbering.html"
"XWPFParagraph.html"
"XWPFPicture.html"
"XWPFPictureData.html"
"XWPFRelation.html"
"XWPFRun.html"
"XWPFSettings.html"
"XWPFStyle.html"
"XWPFStyles.html"
"XWPFTable.html"
"XWPFTable.XWPFBorderType.html"
"XWPFTableCell.html"
"XWPFTableCell.XWPFVertAlign.html"
"XWPFTableRow.html"
"Document.html"
"IBody.html"
"IBodyElement.html"
"LineSpacingRule.html"
"package-frame.html","package"
"package-summary.html","package"
"package-tree.html","package"
"package-use.html","package"
"ParagraphAlignment.html"
"PositionInParagraph.html"
"TextAlignment.html"
"TextSegement.html"
"TOC.html"
"UnderlinePatterns.html"
"VerticalAlign.html"
"XWPFAbstractNum.html"
"XWPFComment.html"
"XWPFDocument.html"
"XWPFFactory.html"
"XWPFFooter.html"
"XWPFFootnote.html"
"XWPFFootnotes.html"
"XWPFHeader.html"
"XWPFHeaderFooter.html"
"XWPFHyperlink.html"
"XWPFHyperlinkRun.html"
"XWPFLatentStyles.html"
"XWPFNum.html"
"XWPFNumbering.html"
"XWPFParagraph.html"
"XWPFPicture.html"
"XWPFPictureData.html"
"XWPFRelation.html"
"XWPFRun.html"
"XWPFSettings.html"
"XWPFStyle.html"
"XWPFStyles.html"
"XWPFTable.html"
"XWPFTable.XWPFBorderType.html"
"XWPFTableCell.html"
"XWPFTableCell.XWPFVertAlign.html"
"XWPFTableRow.html"
"overview-frame.html","overview"
"overview-summary.html","overview"
"overview-tree.html","overview"
"serialized-form.html","serialized"
"casestudies.html"
"changes.html"
"download.html"
"encryption.html"
"faq.html"
"guidelines.html"
"index.html"
"index.html"
"howtobuild.html"
"file-format.html","file"
"index.html"
"how-to.html","how"
"index.html"
"internals.html"
"thumbnails.html"
"todo.html"
"index.html"
"docoverview.html"
"index.html"
"projectplan.html"
"quick-guide.html","quick"
"index.html"
"legal.html"
"mailinglists.html"
"overview.html"
"index.html"
"poi-ruby.html","poi"
"embeded.html"
"fileformat.html"
"how-to.html","how"
"index.html"
"usecases.html"
"how-to-shapes.html","how"
"index.html"
"ppt-file-format.html","ppt"
"quick-guide.html","quick"
"xslf-cookbook.html","xslf"
"chart.html"
"converting.html"
"diagram1.html"
"diagrams.html"
"eval-devguide.html","eval"
"eval.html"
"examples.html"
"excelant.html"
"formula.html"
"hacking-hssf.html","hacking"
"how-to.html","how"
"index.html"
"limitations.html"
"quick-guide.html","quick"
"record-generator.html","record"
"use-case.html","use"
"user-defined-functions.html","user"
"subversion.html"
"text-extraction.html","text"
"todo.html"
"who.html"
"poi-3.9.zip","poi"
